plot_name,fieldform,date,lat,long,transect_direction,plant_groups,collection_area,woody_species,height,max_height_canopy_diam,canopy_diam_1,canopy_diam_2,seedlings_number
uuko_2,C,45567,14.30567,-17.66177,west,short_plants,small_area,Other broad-leaved woody plants,0.6,0.5,0.8,0.55,
uuko_2,C,45567,14.30567,-17.66177,west,short_plants,small_area,Other broad-leaved woody plants,1.4,1.1,2.8,2.5,
uuko_2,C,45567,14.30567,-17.66177,west,short_plants,small_area,Other broad-leaved woody plants,0.85,0.79,1.2,0.9,
uuko_2,C,45567,14.30567,-17.66177,west,short_plants,small_area,Other microphyllous-leaved woody plants,0.6,0.8,0.7,0.6,
uuko_2,C,45567,14.30567,-17.66177,west,short_plants,small_area,Other broad-leaved woody plants,0.74,0.55,0.7,0.6,
uuko_2,C,45567,14.30567,-17.66177,east,short_plants,small_area,Other broad-leaved woody plants,2.4,2.2,3.0,2.5,
uuko_2,C,45567,14.30567,-17.66177,east,short_plants,small_area,Other broad-leaved woody plants,0.7,0.6,0.75,0.45,
uuko_2,C,45567,14.30567,-17.66177,east,short_plants,small_area,Other broad-leaved woody plants,1.0,0.85,1.1,0.8,
uuko_2,C,45567,14.30567,-17.66177,north,short_plants,small_area,Other broad-leaved woody plants,1.0,0.89,1.45,0.85,
uuko_2,C,45567,14.30567,-17.66177,north,short_plants,small_area,Other broad-leaved woody plants,1.8,0.9,1.8,1.2,
uuko_2,C,45567,14.30567,-17.66177,north,short_plants,small_area,Other broad-leaved woody plants,1.8,0.9,1.8,1.2,
uuko_2,C,45567,14.30567,-17.66177,north,short_plants,small_area,Other broad-leaved woody plants,1.4,1.3,1.7,0.8,
uuko_2,C,45567,14.30567,-17.66177,north,short_plants,small_area,Other broad-leaved woody plants,0.8,0.5,2.0,1.5,
uuko_2,C,45567,14.30567,-17.66177,north,short_plants,small_area,Other broad-leaved woody plants,0.7,0.5,1.5,1.3,
uuko_2,C,45567,14.30567,-17.66177,north,short_plants,small_area,Other broad-leaved woody plants,1.85,1.82,0.55,0.3,
uuko_2,C,45567,14.30567,-17.66177,north,short_plants,small_area,Other broad-leaved woody plants,1.85,1.1,1.3,1.85,
uuko_2,C,45567,14.30567,-17.66177,north,short_plants,small_area,Other broad-leaved woody plants,0.7,0.5,1.5,1.3,
uuko_2,C,45567,14.30567,-17.66177,north,short_plants,small_area,Other broad-leaved woody plants,1.65,1.3,1.7,1.9,
uuko_2,C,45567,14.30567,-17.66177,north,short_plants,small_area,Other broad-leaved woody plants,0.95,0.9,0.55,0.5,
uuko_2,C,45567,14.30567,-17.66177,south,short_plants,small_area,Other broad-leaved woody plants,1.9,1.65,3.0,1.9,
uuko_2,C,45567,14.30567,-17.66177,south,short_plants,small_area,Other broad-leaved woody plants,0.7,0.5,1.5,1.3,
uuko_2,C,45567,14.30567,-17.66177,south,short_plants,small_area,Other broad-leaved woody plants,2.5,2.2,1.5,1.5,
uuko_2,C,45567,14.30567,-17.66177,south,short_plants,small_area,Other broad-leaved woody plants,0.85,0.79,1.2,0.9,
uuko_2,C,45567,14.30567,-17.66177,south,short_plants,small_area,Other broad-leaved woody plants,1.0,0.9,1.55,1.1,
uuko_2,C,45567,14.30567,-17.66177,south,short_plants,small_area,Other broad-leaved woody plants,1.0,0.7,0.9,0.4,
uuko_2,C,45567,14.30567,-17.66177,south,short_plants,small_area,Other broad-leaved woody plants,1.0,0.9,1.55,1.1,
uuko_2,C,45567,14.30567,-17.66177,south,short_plants,small_area,Other broad-leaved woody plants,1.9,0.78,4.5,3.7,
uuko_2,C,45567,14.30567,-17.66177,east,tall_plants,large_area,Other broad-leaved woody plants,3.0,2.1,3.9,2.9,
uuko_2,C,45567,14.30567,-17.66177,east,tall_plants,large_area,Other broad-leaved woody plants,2.9,1.95,3.7,2.4,
uuko_2,C,45567,14.30567,-17.66177,south,tall_plants,large_area,Other broad-leaved woody plants,4.0,2.5,5.7,5.5,
uuko_2,C,45567,14.30567,-17.66177,south,tall_plants,large_area,Other broad-leaved woody plants,3.0,2.3,3.0,2.7,
uuko_2,C,45567,14.30567,-17.66177,south,tall_plants,large_area,Other microphyllous-leaved woody plants,2.6,1.5,3.0,2.3,
uuko_2,C,45567,14.30567,-17.66177,EWSN,woody_seedlings,small_x4,Terminalia sericea,,,,,0.0
uuko_2,C,45567,14.30567,-17.66177,EWSN,woody_seedlings,small_x4,Vachellia/Acacia reficiens,,,,,0.0
uuko_2,C,45567,14.30567,-17.66177,EWSN,woody_seedlings,small_x4,Senegalia/Acacia mellifera,,,,,0.0
uuko_2,C,45567,14.30567,-17.66177,EWSN,woody_seedlings,small_x4,Other microphyllous-leaved woody plants,,,,,3.0
uuko_2,C,45567,14.30567,-17.66177,EWSN,woody_seedlings,small_x4,Other broad-leaved woody plants,,,,,16.0
uuko_4,C,45598,14.30317,-17.68637,west,short_plants,small_area,Other microphyllous-leaved woody plants,2.4,1.4,4.2,3.7,
uuko_4,C,45598,14.30317,-17.68637,west,short_plants,small_area,Other broad-leaved woody plants,0.7,0.55,1.0,0.98,
uuko_4,C,45598,14.30317,-17.68637,west,short_plants,small_area,Other broad-leaved woody plants,1.4,1.1,0.9,0.6,
uuko_4,C,45598,14.30317,-17.68637,west,short_plants,small_area,Other broad-leaved woody plants,1.5,1.2,1.1,0.7,
uuko_4,C,45598,14.30317,-17.68637,west,short_plants,small_area,Other microphyllous-leaved woody plants,0.7,0.45,1.8,0.9,
uuko_4,C,45598,14.30317,-17.68637,west,short_plants,small_area,Other broad-leaved woody plants,0.65,0.5,1.4,1.1,
uuko_4,C,45598,14.30317,-17.68637,east,short_plants,small_area,Other broad-leaved woody plants,0.7,0.6,0.95,0.75,
uuko_4,C,45598,14.30317,-17.68637,east,short_plants,small_area,Other broad-leaved woody plants,1.2,1.0,1.65,1.65,
uuko_4,C,45598,14.30317,-17.68637,east,short_plants,small_area,Other microphyllous-leaved woody plants,0.7,0.85,1.7,1.56,
uuko_4,C,45598,14.30317,-17.68637,north,short_plants,small_area,Other microphyllous-leaved woody plants,1.6,1.1,2.6,2.4,
uuko_4,C,45598,14.30317,-17.68637,north,short_plants,small_area,Other microphyllous-leaved woody plants,1.85,1.6,0.9,0.8,
uuko_4,C,45598,14.30317,-17.68637,north,short_plants,small_area,Other broad-leaved woody plants,1.9,1.8,1.4,1.0,
uuko_4,C,45598,14.30317,-17.68637,south,short_plants,small_area,Other broad-leaved woody plants,1.09,0.6,0.8,0.6,
uuko_4,C,45598,14.30317,-17.68637,south,short_plants,small_area,Other broad-leaved woody plants,0.6,0.45,0.4,0.29,
uuko_4,C,45598,14.30317,-17.68637,south,short_plants,small_area,Other broad-leaved woody plants,0.45,0.7,0.6,0.35,
uuko_4,C,45598,14.30317,-17.68637,south,short_plants,small_area,Other broad-leaved woody plants,0.75,0.5,1.4,0.6,
uuko_4,C,45598,14.30317,-17.68637,south,short_plants,small_area,Other broad-leaved woody plants,2.4,2.0,2.4,1.8,
uuko_4,C,45598,14.30317,-17.68637,south,short_plants,small_area,Other broad-leaved woody plants,2.2,2.0,1.6,1.5,
uuko_4,C,45598,14.30317,-17.68637,south,short_plants,small_area,Other broad-leaved woody plants,2.5,1.45,2.0,1.9,
uuko_4,C,45598,14.30317,-17.68637,south,short_plants,small_area,Other broad-leaved woody plants,0.72,0.5,1.6,1.1,
uuko_4,C,45598,14.30317,-17.68637,west,tall_plants,large_area,Other microphyllous-leaved woody plants,3.5,2.5,5.5,4.5,
uuko_4,C,45598,14.30317,-17.68637,west,tall_plants,large_area,Other broad-leaved woody plants,3.5,2.2,3.5,3.0,
uuko_4,C,45598,14.30317,-17.68637,west,tall_plants,large_area,Other broad-leaved woody plants,2.65,1.7,3.5,3.5,
uuko_4,C,45598,14.30317,-17.68637,west,tall_plants,large_area,Other broad-leaved woody plants,4.0,2.5,4.0,2.7,
uuko_4,C,45598,14.30317,-17.68637,west,tall_plants,large_area,Other broad-leaved woody plants,3.0,2.65,1.9,1.4,
uuko_4,C,45598,14.30317,-17.68637,east,tall_plants,large_area,Other broad-leaved woody plants,3.0,2.0,3.85,3.2,
uuko_4,C,45598,14.30317,-17.68637,north,tall_plants,large_area,Other broad-leaved woody plants,3.5,2.2,4.2,2.5,
uuko_4,C,45598,14.30317,-17.68637,north,tall_plants,large_area,Other broad-leaved woody plants,3.5,2.2,4.5,2.5,
uuko_4,C,45598,14.30317,-17.68637,north,tall_plants,large_area,Other broad-leaved woody plants,2.9,2.3,3.5,3.5,
uuko_4,C,45598,14.30317,-17.68637,south,tall_plants,large_area,Other broad-leaved woody plants,2.7,0.8,2.2,1.8,
uuko_4,C,45598,14.30317,-17.68637,south,tall_plants,large_area,Other broad-leaved woody plants,3.0,0.8,2.2,1.8,
uuko_4,C,45598,14.30317,-17.68637,south,tall_plants,large_area,Other broad-leaved woody plants,2.7,2.1,1.9,1.3,
uuko_4,C,45598,14.30317,-17.68637,south,tall_plants,large_area,Other broad-leaved woody plants,3.5,2.1,2.8,1.9,
uuko_4,C,45598,14.30317,-17.68637,south,tall_plants,large_area,Other broad-leaved woody plants,3.3,2.1,2.8,1.9,
uuko_4,C,45598,14.30317,-17.68637,south,tall_plants,large_area,Other broad-leaved woody plants,3.4,2.1,2.7,1.8,
uuko_4,C,45598,14.30317,-17.68637,south,tall_plants,large_area,Other broad-leaved woody plants,3.5,2.2,2.8,1.6,
uuko_4,C,45598,14.30317,-17.68637,south,tall_plants,large_area,Other broad-leaved woody plants,3.6,2.4,2.9,2.0,
uuko_4,C,45598,14.30317,-17.68637,EWSN,woody_seedlings,small_x4,Terminalia sericea,,,,,0.0
uuko_4,C,45598,14.30317,-17.68637,EWSN,woody_seedlings,small_x4,Vachellia/Acacia reficiens,,,,,0.0
uuko_4,C,45598,14.30317,-17.68637,EWSN,woody_seedlings,small_x4,Senegalia/Acacia mellifera,,,,,0.0
uuko_4,C,45598,14.30317,-17.68637,EWSN,woody_seedlings,small_x4,Other microphyllous-leaved woody plants,,,,,12.0
uuko_4,C,45598,14.30317,-17.68637,EWSN,woody_seedlings,small_x4,Other broad-leaved woody plants,,,,,32.0
uuko_5,C,45567,14.31107,-17.67687,west,short_plants,small_area,Other broad-leaved woody plants,1.55,1.4,1.1,0.9,
uuko_5,C,45567,14.31107,-17.67687,west,short_plants,small_area,Other broad-leaved woody plants,1.3,1.0,1.1,0.9,
uuko_5,C,45567,14.31107,-17.67687,west,short_plants,small_area,Other broad-leaved woody plants,1.65,1.3,1.7,1.4,
uuko_5,C,45567,14.31107,-17.67687,west,short_plants,small_area,Other broad-leaved woody plants,2.2,1.45,0.9,0.55,
uuko_5,C,45567,14.31107,-17.67687,west,short_plants,small_area,Other broad-leaved woody plants,1.55,1.4,1.4,0.9,
uuko_5,C,45567,14.31107,-17.67687,west,short_plants,small_area,Other broad-leaved woody plants,1.65,1.3,1.7,1.4,
uuko_5,C,45567,14.31107,-17.67687,west,short_plants,small_area,Other broad-leaved woody plants,2.0,1.85,3.3,2.0,
uuko_5,C,45567,14.31107,-17.67687,west,short_plants,small_area,Other broad-leaved woody plants,1.2,0.9,1.5,1.2,
uuko_5,C,45567,14.31107,-17.67687,west,short_plants,small_area,Other broad-leaved woody plants,0.85,0.5,0.5,0.3,
uuko_5,C,45567,14.31107,-17.67687,west,short_plants,small_area,Other broad-leaved woody plants,0.85,0.5,0.5,0.3,
uuko_5,C,45567,14.31107,-17.67687,west,short_plants,small_area,Other broad-leaved woody plants,0.85,0.5,0.5,0.3,
uuko_5,C,45567,14.31107,-17.67687,west,short_plants,small_area,Other broad-leaved woody plants,1.49,2.3,2.5,2.0,
uuko_5,C,45567,14.31107,-17.67687,west,short_plants,small_area,Other broad-leaved woody plants,2.3,1.7,2.0,1.5,
uuko_5,C,45567,14.31107,-17.67687,west,short_plants,small_area,Other broad-leaved woody plants,2.2,1.4,1.2,1.1,
uuko_5,C,45567,14.31107,-17.67687,west,short_plants,small_area,Other broad-leaved woody plants,1.3,1.3,1.7,1.0,
uuko_5,C,45567,14.31107,-17.67687,west,short_plants,small_area,Other broad-leaved woody plants,1.3,1.3,1.7,1.0,
uuko_5,C,45567,14.31107,-17.67687,west,short_plants,small_area,Other broad-leaved woody plants,1.8,1.45,2.0,1.3,
uuko_5,C,45567,14.31107,-17.67687,west,short_plants,small_area,Other broad-leaved woody plants,1.4,1.35,1.1,0.7,
uuko_5,C,45567,14.31107,-17.67687,east,short_plants,small_area,Other broad-leaved woody plants,1.3,1.2,2.4,1.7,
uuko_5,C,45567,14.31107,-17.67687,east,short_plants,small_area,Other broad-leaved woody plants,1.3,1.2,2.4,1.7,
uuko_5,C,45567,14.31107,-17.67687,east,short_plants,small_area,Other broad-leaved woody plants,2.45,1.95,1.9,1.8,
uuko_5,C,45567,14.31107,-17.67687,east,short_plants,small_area,Other broad-leaved woody plants,2.1,1.5,1.5,1.4,
uuko_5,C,45567,14.31107,-17.67687,east,short_plants,small_area,Other broad-leaved woody plants,0.8,0.55,0.8,0.6,
uuko_5,C,45567,14.31107,-17.67687,east,short_plants,small_area,Other broad-leaved woody plants,0.8,0.55,0.8,0.6,
uuko_5,C,45567,14.31107,-17.67687,east,short_plants,small_area,Other broad-leaved woody plants,0.8,0.55,0.8,0.6,
uuko_5,C,45567,14.31107,-17.67687,east,short_plants,small_area,Other broad-leaved woody plants,0.8,0.55,0.8,0.6,
uuko_5,C,45567,14.31107,-17.67687,east,short_plants,small_area,Other broad-leaved woody plants,0.8,0.55,0.8,0.6,
uuko_5,C,45567,14.31107,-17.67687,east,short_plants,small_area,Other broad-leaved woody plants,0.8,0.55,0.8,0.6,
uuko_5,C,45567,14.31107,-17.67687,east,short_plants,small_area,Other broad-leaved woody plants,0.8,0.55,0.8,0.6,
uuko_5,C,45567,14.31107,-17.67687,east,short_plants,small_area,Other broad-leaved woody plants,1.35,2.1,1.6,1.1,
uuko_5,C,45567,14.31107,-17.67687,east,short_plants,small_area,Other broad-leaved woody plants,1.15,0.9,1.5,1.3,
uuko_5,C,45567,14.31107,-17.67687,east,short_plants,small_area,Other broad-leaved woody plants,0.7,0.45,0.8,0.7,
uuko_5,C,45567,14.31107,-17.67687,east,short_plants,small_area,Other broad-leaved woody plants,0.65,0.5,0.85,0.7,
uuko_5,C,45567,14.31107,-17.67687,east,short_plants,small_area,Other broad-leaved woody plants,0.9,0.55,1.1,0.8,
uuko_5,C,45567,14.31107,-17.67687,east,short_plants,small_area,Other broad-leaved woody plants,1.4,1.35,1.2,0.85,
uuko_5,C,45567,14.31107,-17.67687,east,short_plants,small_area,Other broad-leaved woody plants,0.65,0.6,0.65,0.25,
uuko_5,C,45567,14.31107,-17.67687,east,short_plants,small_area,Other broad-leaved woody plants,0.85,0.6,0.95,0.65,
uuko_5,C,45567,14.31107,-17.67687,north,short_plants,small_area,Other broad-leaved woody plants,2.2,1.7,3.0,1.0,
uuko_5,C,45567,14.31107,-17.67687,north,short_plants,small_area,Other broad-leaved woody plants,2.45,2.0,3.0,2.0,
uuko_5,C,45567,14.31107,-17.67687,north,short_plants,small_area,Other broad-leaved woody plants,1.45,1.4,1.9,1.3,
uuko_5,C,45567,14.31107,-17.67687,north,short_plants,small_area,Other broad-leaved woody plants,1.2,0.95,1.5,1.1,
uuko_5,C,45567,14.31107,-17.67687,north,short_plants,small_area,Other broad-leaved woody plants,0.8,0.65,1.3,0.7,
uuko_5,C,45567,14.31107,-17.67687,north,short_plants,small_area,Other microphyllous-leaved woody plants,0.6,0.45,0.95,0.9,
uuko_5,C,45567,14.31107,-17.67687,south,short_plants,small_area,Other broad-leaved woody plants,0.85,0.8,0.9,0.7,
uuko_5,C,45567,14.31107,-17.67687,south,short_plants,small_area,Other broad-leaved woody plants,0.85,0.8,1.0,0.7,
uuko_5,C,45567,14.31107,-17.67687,south,short_plants,small_area,Other broad-leaved woody plants,1.7,0.85,1.4,1.1,
uuko_5,C,45567,14.31107,-17.67687,south,short_plants,small_area,Other broad-leaved woody plants,2.15,1.7,2.5,2.0,
uuko_5,C,45567,14.31107,-17.67687,south,short_plants,small_area,Other broad-leaved woody plants,1.3,0.75,0.9,0.6,
uuko_5,C,45567,14.31107,-17.67687,south,short_plants,small_area,Other broad-leaved woody plants,1.8,1.55,1.2,1.0,
uuko_5,C,45567,14.31107,-17.67687,south,short_plants,small_area,Other broad-leaved woody plants,0.7,0.5,0.6,0.4,
uuko_5,C,45567,14.31107,-17.67687,south,short_plants,small_area,Other broad-leaved woody plants,0.7,0.5,0.6,0.4,
uuko_5,C,45567,14.31107,-17.67687,west,tall_plants,large_area,Other broad-leaved woody plants,3.5,2.3,6.0,5.5,
uuko_5,C,45567,14.31107,-17.67687,west,tall_plants,large_area,Other broad-leaved woody plants,3.5,2.8,3.3,2.5,
uuko_5,C,45567,14.31107,-17.67687,east,tall_plants,large_area,Other broad-leaved woody plants,2.8,2.0,2.2,1.7,
uuko_5,C,45567,14.31107,-17.67687,south,tall_plants,large_area,Other broad-leaved woody plants,3.0,2.5,2.5,1.9,
uuko_5,C,45567,14.31107,-17.67687,south,tall_plants,large_area,Other broad-leaved woody plants,3.0,1.9,1.2,1.1,
uuko_5,C,45567,14.31107,-17.67687,south,tall_plants,large_area,Other broad-leaved woody plants,2.7,1.75,2.0,1.5,
uuko_5,C,45567,14.31107,-17.67687,EWSN,woody_seedlings,small_x4,Terminalia sericea,,,,,0.0
uuko_5,C,45567,14.31107,-17.67687,EWSN,woody_seedlings,small_x4,Vachellia/Acacia reficiens,,,,,0.0
uuko_5,C,45567,14.31107,-17.67687,EWSN,woody_seedlings,small_x4,Senegalia/Acacia mellifera,,,,,0.0
uuko_5,C,45567,14.31107,-17.67687,EWSN,woody_seedlings,small_x4,Other microphyllous-leaved woody plants,,,,,20.0
uuko_5,C,45567,14.31107,-17.67687,EWSN,woody_seedlings,small_x4,Other broad-leaved woody plants,,,,,23.0
tira_1,C,2024-03-06 00:00:00,-26.1352,16.56991,west,tall_plants,large_area,Other microphyllous-leaved woody plants,3.5,2.3,5.1,4.8,
tira_1,C,2024-03-06 00:00:00,-26.1352,16.56991,EWSN,woody_seedlings,small_x4,Terminalia sericea,,,,,0.0
tira_1,C,2024-03-06 00:00:00,-26.1352,16.56991,EWSN,woody_seedlings,small_x4,Vachellia/Acacia reficiens,,,,,0.0
tira_1,C,2024-03-06 00:00:00,-26.1352,16.56991,EWSN,woody_seedlings,small_x4,Senegalia/Acacia mellifera,,,,,0.0
tira_1,C,2024-03-06 00:00:00,-26.1352,16.56991,EWSN,woody_seedlings,small_x4,Other microphyllous-leaved woody plants,,,,,0.0
tira_1,C,2024-03-06 00:00:00,-26.1352,16.56991,EWSN,woody_seedlings,small_x4,Other broad-leaved woody plants,,,,,0.0
tira_2,C,2024-03-06 00:00:00,-26.1483,16.53692,EWSN,woody_seedlings,small_x4,Terminalia sericea,,,,,0.0
tira_2,C,2024-03-06 00:00:00,-26.1483,16.53692,EWSN,woody_seedlings,small_x4,Terminalia sericea,,,,,0.0
tira_2,C,2024-03-06 00:00:00,-26.1483,16.53692,EWSN,woody_seedlings,small_x4,Terminalia sericea,,,,,0.0
tira_2,C,2024-03-06 00:00:00,-26.1483,16.53692,EWSN,woody_seedlings,small_x4,Terminalia sericea,,,,,0.0
tira_2,C,2024-03-06 00:00:00,-26.1483,16.53692,EWSN,woody_seedlings,small_x4,Terminalia sericea,,,,,0.0
tira_3,C,2024-03-06 00:00:00,-26.1595,16.6165,EWSN,woody_seedlings,small_x4,Terminalia sericea,,,,,0.0
tira_3,C,2024-03-06 00:00:00,-26.1595,16.6165,EWSN,woody_seedlings,small_x4,Terminalia sericea,,,,,0.0
tira_3,C,2024-03-06 00:00:00,-26.1595,16.6165,EWSN,woody_seedlings,small_x4,Terminalia sericea,,,,,0.0
tira_3,C,2024-03-06 00:00:00,-26.1595,16.6165,EWSN,woody_seedlings,small_x4,Terminalia sericea,,,,,0.0
tira_3,C,2024-03-06 00:00:00,-26.1595,16.6165,EWSN,woody_seedlings,small_x4,Terminalia sericea,,,,,0.0
lard_1,C,2024-02-18 00:00:00,-19.9792,17.0277,south,short_plants,small_area,Vachellia/Acacia reficiens,0.6,0.45,0.8,0.6,
lard_1,C,2024-02-18 00:00:00,-19.9792,17.0277,south,short_plants,small_area,Vachellia/Acacia reficiens,1.2,0.7,1.7,2.0,
lard_1,C,2024-02-18 00:00:00,-19.9792,17.0277,south,short_plants,small_area,Other microphyllous-leaved woody plants,1.15,0.8,1.3,0.75,
lard_1,C,2024-02-18 00:00:00,-19.9792,17.0277,south,short_plants,small_area,Other microphyllous-leaved woody plants,0.75,0.5,0.8,0.8,
lard_1,C,2024-02-18 00:00:00,-19.9792,17.0277,south,short_plants,small_area,Other microphyllous-leaved woody plants,0.8,0.6,1.1,1.4,
lard_1,C,2024-02-18 00:00:00,-19.9792,17.0277,south,short_plants,small_area,Vachellia/Acacia reficiens,0.9,0.5,1.3,1.45,
lard_1,C,2024-02-18 00:00:00,-19.9792,17.0277,south,short_plants,small_area,Other broad-leaved woody plants,1.25,0.5,1.65,1.6,
lard_1,C,2024-02-18 00:00:00,-19.9792,17.0277,south,short_plants,small_area,Senegalia/Acacia mellifera,1.2,0.8,2.3,2.5,
lard_1,C,2024-02-18 00:00:00,-19.9792,17.0277,south,short_plants,small_area,Senegalia/Acacia mellifera,1.35,0.6,1.6,1.8,
lard_1,C,2024-02-18 00:00:00,-19.9792,17.0277,south,short_plants,small_area,Senegalia/Acacia mellifera,1.4,1.0,1.3,1.2,
lard_1,C,2024-02-18 00:00:00,-19.9792,17.0277,east,short_plants,small_area,Vachellia/Acacia reficiens,1.15,0.5,1.8,2.1,
lard_1,C,2024-02-18 00:00:00,-19.9792,17.0277,east,short_plants,small_area,Vachellia/Acacia reficiens,1.2,0.95,1.6,1.3,
lard_1,C,2024-02-18 00:00:00,-19.9792,17.0277,west,short_plants,small_area,Senegalia/Acacia mellifera,1.2,0.7,1.75,1.45,
lard_1,C,2024-02-18 00:00:00,-19.9792,17.0277,west,short_plants,small_area,Senegalia/Acacia mellifera,1.2,0.7,1.6,1.7,
lard_1,C,2024-02-18 00:00:00,-19.9792,17.0277,west,short_plants,small_area,Other broad-leaved woody plants,1.5,0.8,1.85,1.7,
lard_1,C,2024-02-18 00:00:00,-19.9792,17.0277,north,short_plants,small_area,Vachellia/Acacia reficiens,1.9,1.1,3.0,4.0,
lard_1,C,2024-02-18 00:00:00,-19.9792,17.0277,north,short_plants,small_area,Other microphyllous-leaved woody plants,0.7,0.45,0.6,0.55,
lard_1,C,2024-02-18 00:00:00,-19.9792,17.0277,north,short_plants,small_area,Other broad-leaved woody plants,0.6,0.3,1.0,0.9,
lard_1,C,2024-02-18 00:00:00,-19.9792,17.0277,north,short_plants,small_area,Vachellia/Acacia reficiens,1.35,0.75,2.2,2.25,
lard_1,C,2024-02-18 00:00:00,-19.9792,17.0277,north,short_plants,small_area,Vachellia/Acacia reficiens,1.2,0.7,1.5,1.5,
lard_1,C,2024-02-18 00:00:00,-19.9792,17.0277,north,short_plants,small_area,Other microphyllous-leaved woody plants,0.95,0.5,1.15,0.75,
lard_1,C,2024-02-18 00:00:00,-19.9792,17.0277,north,short_plants,small_area,Vachellia/Acacia reficiens,1.3,0.75,1.5,1.7,
lard_1,C,2024-02-18 00:00:00,-19.9792,17.0277,EWSN,woody_seedlings,small_x4,Terminalia sericea,,,,,0.0
lard_1,C,2024-02-18 00:00:00,-19.9792,17.0277,EWSN,woody_seedlings,small_x4,Vachellia/Acacia reficiens,,,,,12.0
lard_1,C,2024-02-18 00:00:00,-19.9792,17.0277,EWSN,woody_seedlings,small_x4,Senegalia/Acacia mellifera,,,,,2.0
lard_1,C,2024-02-18 00:00:00,-19.9792,17.0277,EWSN,woody_seedlings,small_x4,Other microphyllous-leaved woody plants,,,,,15.0
lard_1,C,2024-02-18 00:00:00,-19.9792,17.0277,EWSN,woody_seedlings,small_x4,Other broad-leaved woody plants,,,,,35.0
lard_2,C,2024-02-17 00:00:00,-19.98798,17.04011,south,short_plants,small_area,Vachellia/Acacia reficiens,1.5,1.35,1.35,1.5,
lard_2,C,2024-02-17 00:00:00,-19.98798,17.04011,south,short_plants,small_area,Other microphyllous-leaved woody plants,0.7,0.5,0.65,0.6,
lard_2,C,2024-02-17 00:00:00,-19.98798,17.04011,south,short_plants,small_area,Vachellia/Acacia reficiens,1.3,1.0,2.0,1.2,
lard_2,C,2024-02-17 00:00:00,-19.98798,17.04011,south,short_plants,small_area,Vachellia/Acacia reficiens,1.9,1.0,2.5,1.24,
lard_2,C,2024-02-17 00:00:00,-19.98798,17.04011,south,short_plants,small_area,Vachellia/Acacia reficiens,0.7,0.55,1.0,1.25,
lard_2,C,2024-02-17 00:00:00,-19.98798,17.04011,south,short_plants,small_area,Other broad-leaved woody plants,0.8,0.7,1.35,0.8,
lard_2,C,2024-02-17 00:00:00,-19.98798,17.04011,south,short_plants,small_area,Other broad-leaved woody plants,0.75,0.45,1.1,0.7,
lard_2,C,2024-02-17 00:00:00,-19.98798,17.04011,south,short_plants,small_area,Other broad-leaved woody plants,0.6,0.3,1.0,1.1,
lard_2,C,2024-02-17 00:00:00,-19.98798,17.04011,south,short_plants,small_area,Senegalia/Acacia mellifera,1.5,1.0,1.3,1.0,
lard_2,C,2024-02-17 00:00:00,-19.98798,17.04011,south,short_plants,small_area,Vachellia/Acacia reficiens,2.1,1.7,2.0,1.7,
lard_2,C,2024-02-17 00:00:00,-19.98798,17.04011,south,short_plants,small_area,Senegalia/Acacia mellifera,2.3,1.7,1.6,1.5,
lard_2,C,2024-02-17 00:00:00,-19.98798,17.04011,south,short_plants,small_area,Other broad-leaved woody plants,1.5,1.05,1.1,0.7,
lard_2,C,2024-02-17 00:00:00,-19.98798,17.04011,south,short_plants,small_area,Other broad-leaved woody plants,0.8,0.65,0.45,0.3,
lard_2,C,2024-02-17 00:00:00,-19.98798,17.04011,south,short_plants,small_area,Other microphyllous-leaved woody plants,1.0,0.75,0.65,0.4,
lard_2,C,2024-02-17 00:00:00,-19.98798,17.04011,south,short_plants,small_area,Vachellia/Acacia reficiens,1.5,1.2,1.3,1.4,
lard_2,C,2024-02-17 00:00:00,-19.98798,17.04011,west,short_plants,small_area,Other broad-leaved woody plants,0.7,0.4,1.0,0.6,
lard_2,C,2024-02-17 00:00:00,-19.98798,17.04011,west,short_plants,small_area,Other broad-leaved woody plants,0.9,0.3,1.4,1.1,
lard_2,C,2024-02-17 00:00:00,-19.98798,17.04011,west,short_plants,small_area,Other microphyllous-leaved woody plants,0.7,0.3,0.45,0.65,
lard_2,C,2024-02-17 00:00:00,-19.98798,17.04011,west,short_plants,small_area,Other broad-leaved woody plants,0.6,0.25,1.0,0.9,
lard_2,C,2024-02-17 00:00:00,-19.98798,17.04011,west,short_plants,small_area,Senegalia/Acacia mellifera,0.85,0.5,1.1,0.6,
lard_2,C,2024-02-17 00:00:00,-19.98798,17.04011,west,short_plants,small_area,Other broad-leaved woody plants,0.9,0.9,0.65,0.2,
lard_2,C,2024-02-17 00:00:00,-19.98798,17.04011,west,short_plants,small_area,Other broad-leaved woody plants,0.65,0.3,0.6,0.6,
lard_2,C,2024-02-17 00:00:00,-19.98798,17.04011,west,short_plants,small_area,Other broad-leaved woody plants,0.7,0.6,1.1,0.9,
lard_2,C,2024-02-17 00:00:00,-19.98798,17.04011,west,short_plants,small_area,Other microphyllous-leaved woody plants,0.6,0.25,0.75,0.4,
lard_2,C,2024-02-17 00:00:00,-19.98798,17.04011,east,short_plants,small_area,Other microphyllous-leaved woody plants,0.6,0.4,0.65,0.3,
lard_2,C,2024-02-17 00:00:00,-19.98798,17.04011,east,short_plants,small_area,Other broad-leaved woody plants,1.4,0.9,1.45,0.7,
lard_2,C,2024-02-17 00:00:00,-19.98798,17.04011,east,short_plants,small_area,Vachellia/Acacia reficiens,1.65,1.3,2.4,1.8,
lard_2,C,2024-02-17 00:00:00,-19.98798,17.04011,east,short_plants,small_area,Vachellia/Acacia reficiens,1.75,0.7,1.2,1.0,
lard_2,C,2024-02-17 00:00:00,-19.98798,17.04011,east,short_plants,small_area,Other broad-leaved woody plants,0.65,0.6,1.5,0.9,
lard_2,C,2024-02-17 00:00:00,-19.98798,17.04011,east,short_plants,small_area,Vachellia/Acacia reficiens,1.4,1.0,2.0,1.8,
lard_2,C,2024-02-17 00:00:00,-19.98798,17.04011,east,short_plants,small_area,Vachellia/Acacia reficiens,1.1,0.9,1.4,1.1,
lard_2,C,2024-02-17 00:00:00,-19.98798,17.04011,east,short_plants,small_area,Vachellia/Acacia reficiens,1.1,0.8,1.0,1.0,
lard_2,C,2024-02-17 00:00:00,-19.98798,17.04011,east,short_plants,small_area,Vachellia/Acacia reficiens,0.9,0.65,1.1,1.0,
lard_2,C,2024-02-17 00:00:00,-19.98798,17.04011,east,short_plants,small_area,Other broad-leaved woody plants,0.55,0.2,1.0,1.0,
lard_2,C,2024-02-17 00:00:00,-19.98798,17.04011,east,short_plants,small_area,Other microphyllous-leaved woody plants,0.65,0.5,0.55,0.25,
lard_2,C,2024-02-17 00:00:00,-19.98798,17.04011,east,short_plants,small_area,Senegalia/Acacia mellifera,0.7,0.5,0.9,0.7,
lard_2,C,2024-02-17 00:00:00,-19.98798,17.04011,east,short_plants,small_area,Other broad-leaved woody plants,0.7,0.2,1.1,0.5,
lard_2,C,2024-02-17 00:00:00,-19.98798,17.04011,east,short_plants,small_area,Vachellia/Acacia reficiens,1.9,1.3,2.4,2.3,
lard_2,C,2024-02-17 00:00:00,-19.98798,17.04011,east,short_plants,small_area,Other microphyllous-leaved woody plants,0.7,0.5,0.2,0.25,
lard_2,C,2024-02-17 00:00:00,-19.98798,17.04011,east,tall_plants,large_area,Other broad-leaved woody plants,4.0,3.0,3.4,2.4,
lard_2,C,2024-02-17 00:00:00,-19.98798,17.04011,north,short_plants,small_area,Vachellia/Acacia reficiens,1.35,0.8,2.3,1.9,
lard_2,C,2024-02-17 00:00:00,-19.98798,17.04011,north,short_plants,small_area,Vachellia/Acacia reficiens,1.35,1.1,2.3,2.1,
lard_2,C,2024-02-17 00:00:00,-19.98798,17.04011,north,short_plants,small_area,Other broad-leaved woody plants,1.0,0.75,0.8,0.6,
lard_2,C,2024-02-17 00:00:00,-19.98798,17.04011,north,short_plants,small_area,Other microphyllous-leaved woody plants,0.85,0.6,0.45,0.35,
lard_2,C,2024-02-17 00:00:00,-19.98798,17.04011,north,short_plants,small_area,Vachellia/Acacia reficiens,0.95,0.7,0.9,1.0,
lard_2,C,2024-02-17 00:00:00,-19.98798,17.04011,north,short_plants,small_area,Other microphyllous-leaved woody plants,1.0,0.9,0.8,0.5,
lard_2,C,2024-02-17 00:00:00,-19.98798,17.04011,north,short_plants,small_area,Other broad-leaved woody plants,1.4,0.8,1.3,1.2,
lard_2,C,2024-02-17 00:00:00,-19.98798,17.04011,EWSN,woody_seedlings,small_x4,Terminalia sericea,,,,,0.0
lard_2,C,2024-02-17 00:00:00,-19.98798,17.04011,EWSN,woody_seedlings,small_x4,Vachellia/Acacia reficiens,,,,,1.0
lard_2,C,2024-02-17 00:00:00,-19.98798,17.04011,EWSN,woody_seedlings,small_x4,Senegalia/Acacia mellifera,,,,,2.0
lard_2,C,2024-02-17 00:00:00,-19.98798,17.04011,EWSN,woody_seedlings,small_x4,Other microphyllous-leaved woody plants,,,,,18.0
lard_2,C,2024-02-17 00:00:00,-19.98798,17.04011,EWSN,woody_seedlings,small_x4,Other broad-leaved woody plants,,,,,85.0
lard_3,C,2024-02-17 00:00:00,-19.93913,16.98984,south,short_plants,small_area,Other broad-leaved woody plants,0.95,0.5,1.1,1.1,
lard_3,C,2024-02-17 00:00:00,-19.93913,16.98984,south,short_plants,small_area,Other broad-leaved woody plants,0.55,0.4,0.6,0.5,
lard_3,C,2024-02-17 00:00:00,-19.93913,16.98984,south,short_plants,small_area,Other broad-leaved woody plants,0.8,0.6,0.6,0.25,
lard_3,C,2024-02-17 00:00:00,-19.93913,16.98984,south,tall_plants,large_area,Senegalia/Acacia mellifera,3.5,3.0,3.5,5.0,
lard_3,C,2024-02-17 00:00:00,-19.93913,16.98984,south,tall_plants,large_area,Senegalia/Acacia mellifera,3.4,3.2,3.3,4.5,
lard_3,C,2024-02-17 00:00:00,-19.93913,16.98984,south,tall_plants,large_area,Senegalia/Acacia mellifera,3.5,2.8,2.8,2.7,
lard_3,C,2024-02-17 00:00:00,-19.93913,16.98984,south,tall_plants,large_area,Vachellia/Acacia reficiens,4.0,3.0,8.0,7.0,
lard_3,C,2024-02-17 00:00:00,-19.93913,16.98984,south,tall_plants,large_area,Vachellia/Acacia reficiens,4.0,3.5,5.0,3.5,
lard_3,C,2024-02-17 00:00:00,-19.93913,16.98984,west,short_plants,small_area,Other broad-leaved woody plants,0.6,0.5,0.6,0.5,
lard_3,C,2024-02-17 00:00:00,-19.93913,16.98984,west,short_plants,small_area,Other broad-leaved woody plants,0.65,0.5,0.25,0.3,
lard_3,C,2024-02-17 00:00:00,-19.93913,16.98984,west,short_plants,small_area,Other broad-leaved woody plants,0.75,0.55,0.7,0.4,
lard_3,C,2024-02-17 00:00:00,-19.93913,16.98984,west,short_plants,small_area,Other broad-leaved woody plants,0.65,0.65,0.9,0.6,
lard_3,C,2024-02-17 00:00:00,-19.93913,16.98984,west,short_plants,small_area,Other broad-leaved woody plants,0.85,0.6,0.7,1.0,
lard_3,C,2024-02-17 00:00:00,-19.93913,16.98984,west,short_plants,small_area,Other broad-leaved woody plants,0.8,0.35,0.8,0.5,
lard_3,C,2024-02-17 00:00:00,-19.93913,16.98984,west,short_plants,small_area,Other broad-leaved woody plants,1.0,0.6,0.5,0.7,
lard_3,C,2024-02-17 00:00:00,-19.93913,16.98984,west,short_plants,small_area,Other broad-leaved woody plants,0.95,0.65,0.6,0.7,
lard_3,C,2024-02-17 00:00:00,-19.93913,16.98984,west,short_plants,small_area,Other broad-leaved woody plants,1.6,0.5,0.8,1.0,
lard_3,C,2024-02-17 00:00:00,-19.93913,16.98984,west,short_plants,small_area,Other broad-leaved woody plants,1.5,0.6,1.8,1.55,
lard_3,C,2024-02-17 00:00:00,-19.93913,16.98984,west,short_plants,small_area,Other broad-leaved woody plants,1.0,0.4,0.8,0.8,
lard_3,C,2024-02-17 00:00:00,-19.93913,16.98984,west,short_plants,small_area,Other broad-leaved woody plants,0.6,0.2,1.0,0.8,
lard_3,C,2024-02-17 00:00:00,-19.93913,16.98984,west,short_plants,small_area,Other broad-leaved woody plants,1.1,0.55,0.95,0.6,
lard_3,C,2024-02-17 00:00:00,-19.93913,16.98984,west,short_plants,small_area,Other broad-leaved woody plants,0.6,0.5,0.65,0.8,
lard_3,C,2024-02-17 00:00:00,-19.93913,16.98984,west,short_plants,small_area,Other broad-leaved woody plants,1.5,1.3,2.4,1.6,
lard_3,C,2024-02-17 00:00:00,-19.93913,16.98984,west,short_plants,small_area,Other broad-leaved woody plants,1.15,0.6,1.0,0.7,
lard_3,C,2024-02-17 00:00:00,-19.93913,16.98984,west,short_plants,small_area,Other broad-leaved woody plants,0.6,0.55,0.65,0.6,
lard_3,C,2024-02-17 00:00:00,-19.93913,16.98984,west,short_plants,small_area,Other broad-leaved woody plants,0.8,0.7,1.2,0.6,
lard_3,C,2024-02-17 00:00:00,-19.93913,16.98984,west,short_plants,small_area,Other broad-leaved woody plants,0.7,0.65,1.1,0.6,
lard_3,C,2024-02-17 00:00:00,-19.93913,16.98984,west,short_plants,small_area,Other microphyllous-leaved woody plants,0.0,0.3,0.55,0.55,
lard_3,C,2024-02-17 00:00:00,-19.93913,16.98984,west,short_plants,small_area,Other broad-leaved woody plants,0.55,0.3,0.85,0.7,
lard_3,C,2024-02-17 00:00:00,-19.93913,16.98984,west,short_plants,small_area,Senegalia/Acacia mellifera,1.1,0.9,1.1,0.7,
lard_3,C,2024-02-17 00:00:00,-19.93913,16.98984,west,short_plants,small_area,Senegalia/Acacia mellifera,1.35,0.8,1.0,0.9,
lard_3,C,2024-02-17 00:00:00,-19.93913,16.98984,west,short_plants,small_area,Other microphyllous-leaved woody plants,0.7,0.7,1.0,0.9,
lard_3,C,2024-02-17 00:00:00,-19.93913,16.98984,west,tall_plants,large_area,Senegalia/Acacia mellifera,3.3,2.5,3.6,3.3,
lard_3,C,2024-02-17 00:00:00,-19.93913,16.98984,west,tall_plants,large_area,Vachellia/Acacia reficiens,3.5,3.6,3.5,3.5,
lard_3,C,2024-02-17 00:00:00,-19.93913,16.98984,west,tall_plants,large_area,Senegalia/Acacia mellifera,2.6,2.1,2.6,3.0,
lard_3,C,2024-02-17 00:00:00,-19.93913,16.98984,east,short_plants,small_area,Other broad-leaved woody plants,0.55,0.55,0.4,0.25,
lard_3,C,2024-02-17 00:00:00,-19.93913,16.98984,east,short_plants,small_area,Other broad-leaved woody plants,0.52,0.2,0.85,0.6,
lard_3,C,2024-02-17 00:00:00,-19.93913,16.98984,east,short_plants,small_area,Other broad-leaved woody plants,0.6,0.4,0.45,0.25,
lard_3,C,2024-02-17 00:00:00,-19.93913,16.98984,east,tall_plants,large_area,Senegalia/Acacia mellifera,3.0,2.8,3.5,3.0,
lard_3,C,2024-02-17 00:00:00,-19.93913,16.98984,east,tall_plants,large_area,Senegalia/Acacia mellifera,4.5,4.1,6.5,4.5,
lard_3,C,2024-02-17 00:00:00,-19.93913,16.98984,east,tall_plants,large_area,Senegalia/Acacia mellifera,3.5,3.0,3.5,5.5,
lard_3,C,2024-02-17 00:00:00,-19.93913,16.98984,east,tall_plants,large_area,Senegalia/Acacia mellifera,3.6,3.4,4.0,4.0,
lard_3,C,2024-02-17 00:00:00,-19.93913,16.98984,north,short_plants,small_area,Other broad-leaved woody plants,0.75,0.35,0.6,0.15,
lard_3,C,2024-02-17 00:00:00,-19.93913,16.98984,north,short_plants,small_area,Other broad-leaved woody plants,1.0,0.6,2.0,1.5,
lard_3,C,2024-02-17 00:00:00,-19.93913,16.98984,north,short_plants,small_area,Other broad-leaved woody plants,0.8,0.55,0.7,0.55,
lard_3,C,2024-02-17 00:00:00,-19.93913,16.98984,north,short_plants,small_area,Other broad-leaved woody plants,0.8,0.6,0.55,0.4,
lard_3,C,2024-02-17 00:00:00,-19.93913,16.98984,north,tall_plants,large_area,Senegalia/Acacia mellifera,3.5,3.3,3.0,3.0,
lard_3,C,2024-02-17 00:00:00,-19.93913,16.98984,north,tall_plants,large_area,Senegalia/Acacia mellifera,2.8,2.6,2.4,2.5,
lard_3,C,2024-02-17 00:00:00,-19.93913,16.98984,north,tall_plants,large_area,Senegalia/Acacia mellifera,3.2,3.0,2.4,2.6,
lard_3,C,2024-02-17 00:00:00,-19.93913,16.98984,north,tall_plants,large_area,Senegalia/Acacia mellifera,3.4,2.2,2.5,1.8,
lard_3,C,2024-02-17 00:00:00,-19.93913,16.98984,north,tall_plants,large_area,Senegalia/Acacia mellifera,3.8,3.6,3.6,3.5,
lard_3,C,2024-02-17 00:00:00,-19.93913,16.98984,north,tall_plants,large_area,Senegalia/Acacia mellifera,3.5,3.0,2.5,3.0,
lard_3,C,2024-02-17 00:00:00,-19.93913,16.98984,north,tall_plants,large_area,Senegalia/Acacia mellifera,3.6,3.2,4.5,2.8,
lard_3,C,2024-02-17 00:00:00,-19.93913,16.98984,north,tall_plants,large_area,Senegalia/Acacia mellifera,4.0,3.5,4.0,3.5,
lard_3,C,2024-02-17 00:00:00,-19.93913,16.98984,EWSN,woody_seedlings,small_x4,Terminalia sericea,,,,,0.0
lard_3,C,2024-02-17 00:00:00,-19.93913,16.98984,EWSN,woody_seedlings,small_x4,Vachellia/Acacia reficiens,,,,,0.0
lard_3,C,2024-02-17 00:00:00,-19.93913,16.98984,EWSN,woody_seedlings,small_x4,Senegalia/Acacia mellifera,,,,,0.0
lard_3,C,2024-02-17 00:00:00,-19.93913,16.98984,EWSN,woody_seedlings,small_x4,Other microphyllous-leaved woody plants,,,,,13.0
lard_3,C,2024-02-17 00:00:00,-19.93913,16.98984,EWSN,woody_seedlings,small_x4,Other broad-leaved woody plants,,,,,187.0
okah_1,C,2024-02-26 00:00:00,-20.8642,19.2306,east,short_plants,small_area,Other broad-leaved woody plants,1.45,1.1,1.2,1.1,
okah_1,C,2024-02-26 00:00:00,-20.8642,19.2306,east,short_plants,small_area,Other broad-leaved woody plants,1.2,1.1,1.7,0.7,
okah_1,C,2024-02-26 00:00:00,-20.8642,19.2306,east,short_plants,small_area,Terminalia sericea,1.4,0.8,0.9,0.7,
okah_1,C,2024-02-26 00:00:00,-20.8642,19.2306,east,short_plants,small_area,Terminalia sericea,2.4,1.6,2.8,2.1,
okah_1,C,2024-02-26 00:00:00,-20.8642,19.2306,east,short_plants,small_area,Terminalia sericea,1.2,0.95,1.2,0.9,
okah_1,C,2024-02-26 00:00:00,-20.8642,19.2306,east,short_plants,small_area,Other microphyllous-leaved woody plants,0.6,0.3,0.5,0.4,
okah_1,C,2024-02-26 00:00:00,-20.8642,19.2306,east,tall_plants,large_area,Other broad-leaved woody plants,7.8,2.4,7.5,7.2,
okah_1,C,2024-02-26 00:00:00,-20.8642,19.2306,east,tall_plants,large_area,Terminalia sericea,2.8,1.5,3.2,2.4,
okah_1,C,2024-02-26 00:00:00,-20.8642,19.2306,east,tall_plants,large_area,Other microphyllous-leaved woody plants,3.0,1.6,2.4,2.2,
okah_1,C,2024-02-26 00:00:00,-20.8642,19.2306,west,short_plants,small_area,Other broad-leaved woody plants,1.4,1.1,0.9,0.5,
okah_1,C,2024-02-26 00:00:00,-20.8642,19.2306,west,short_plants,small_area,Other broad-leaved woody plants,1.3,0.5,1.5,1.2,
okah_1,C,2024-02-26 00:00:00,-20.8642,19.2306,west,short_plants,small_area,Other broad-leaved woody plants,1.8,0.65,1.8,1.3,
okah_1,C,2024-02-26 00:00:00,-20.8642,19.2306,west,short_plants,small_area,Other broad-leaved woody plants,1.2,0.8,1.4,1.0,
okah_1,C,2024-02-26 00:00:00,-20.8642,19.2306,west,short_plants,small_area,Other broad-leaved woody plants,1.1,0.6,0.8,0.7,
okah_1,C,2024-02-26 00:00:00,-20.8642,19.2306,west,short_plants,small_area,Other broad-leaved woody plants,1.0,0.5,1.3,1.1,
okah_1,C,2024-02-26 00:00:00,-20.8642,19.2306,west,short_plants,small_area,Other broad-leaved woody plants,1.1,0.6,0.4,0.3,
okah_1,C,2024-02-26 00:00:00,-20.8642,19.2306,west,tall_plants,large_area,Terminalia sericea,3.2,1.7,3.5,2.5,
okah_1,C,2024-02-26 00:00:00,-20.8642,19.2306,south,short_plants,small_area,Other broad-leaved woody plants,2.1,1.3,3.3,1.4,
okah_1,C,2024-02-26 00:00:00,-20.8642,19.2306,south,short_plants,small_area,Terminalia sericea,2.5,1.0,2.3,1.9,
okah_1,C,2024-02-26 00:00:00,-20.8642,19.2306,south,short_plants,small_area,Terminalia sericea,2.4,1.7,3.5,1.5,
okah_1,C,2024-02-26 00:00:00,-20.8642,19.2306,south,short_plants,small_area,Other broad-leaved woody plants,1.4,0.8,1.8,1.2,
okah_1,C,2024-02-26 00:00:00,-20.8642,19.2306,south,short_plants,small_area,Other broad-leaved woody plants,0.8,0.6,0.5,0.4,
okah_1,C,2024-02-26 00:00:00,-20.8642,19.2306,south,short_plants,small_area,Terminalia sericea,1.3,1.9,1.5,1.0,
okah_1,C,2024-02-26 00:00:00,-20.8642,19.2306,south,tall_plants,large_area,Terminalia sericea,3.2,1.4,3.2,1.9,
okah_1,C,2024-02-26 00:00:00,-20.8642,19.2306,south,tall_plants,large_area,Terminalia sericea,3.0,1.6,2.8,2.0,
okah_1,C,2024-02-26 00:00:00,-20.8642,19.2306,south,tall_plants,large_area,Terminalia sericea,2.8,2.0,3.0,2.7,
okah_1,C,2024-02-26 00:00:00,-20.8642,19.2306,south,tall_plants,large_area,Terminalia sericea,3.8,1.3,3.4,2.7,
okah_1,C,2024-02-26 00:00:00,-20.8642,19.2306,south,tall_plants,large_area,Terminalia sericea,2.6,1.1,3.5,2.5,
okah_1,C,2024-02-26 00:00:00,-20.8642,19.2306,north,short_plants,small_area,Other broad-leaved woody plants,1.2,0.7,0.8,1.7,
okah_1,C,2024-02-26 00:00:00,-20.8642,19.2306,north,short_plants,small_area,Other broad-leaved woody plants,1.3,0.5,0.85,0.6,
okah_1,C,2024-02-26 00:00:00,-20.8642,19.2306,north,tall_plants,large_area,Terminalia sericea,3.1,1.3,3.0,2.0,
okah_1,C,2024-02-26 00:00:00,-20.8642,19.2306,north,tall_plants,large_area,Terminalia sericea,3.2,1.29,2.5,1.6,
okah_1,C,2024-02-26 00:00:00,-20.8642,19.2306,north,tall_plants,large_area,Terminalia sericea,3.0,1.0,1.7,0.9,
okah_1,C,2024-02-26 00:00:00,-20.8642,19.2306,north,tall_plants,large_area,Terminalia sericea,4.3,1.9,3.2,2.9,
okah_1,C,2024-02-26 00:00:00,-20.8642,19.2306,north,tall_plants,large_area,Terminalia sericea,4.1,1.2,5.2,4.5,
okah_1,C,2024-02-26 00:00:00,-20.8642,19.2306,north,tall_plants,large_area,Terminalia sericea,6.1,1.5,5.6,5.2,
okah_1,C,2024-02-26 00:00:00,-20.8642,19.2306,north,tall_plants,large_area,Terminalia sericea,4.0,1.8,3.8,3.3,
okah_1,C,2024-02-26 00:00:00,-20.8642,19.2306,EWSN,woody_seedlings,small_x4,Terminalia sericea,,,,,0.0
okah_1,C,2024-02-26 00:00:00,-20.8642,19.2306,EWSN,woody_seedlings,small_x4,Vachellia/Acacia reficiens,,,,,0.0
okah_1,C,2024-02-26 00:00:00,-20.8642,19.2306,EWSN,woody_seedlings,small_x4,Senegalia/Acacia mellifera,,,,,0.0
okah_1,C,2024-02-26 00:00:00,-20.8642,19.2306,EWSN,woody_seedlings,small_x4,Other microphyllous-leaved woody plants,,,,,1.0
okah_1,C,2024-02-26 00:00:00,-20.8642,19.2306,EWSN,woody_seedlings,small_x4,Other broad-leaved woody plants,,,,,10.0
okah_2,C,2024-02-26 00:00:00,-20.8399,19.2343,east,tall_plants,large_area,Terminalia sericea,3.2,1.4,3.0,1.7,
okah_2,C,2024-02-26 00:00:00,-20.8399,19.2343,east,tall_plants,large_area,Terminalia sericea,3.3,2.2,2.0,1.3,
okah_2,C,2024-02-26 00:00:00,-20.8399,19.2343,east,tall_plants,large_area,Terminalia sericea,4.2,2.5,2.2,1.5,
okah_2,C,2024-02-26 00:00:00,-20.8399,19.2343,east,tall_plants,large_area,Terminalia sericea,3.5,2.3,1.8,1.3,
okah_2,C,2024-02-26 00:00:00,-20.8399,19.2343,east,tall_plants,large_area,Terminalia sericea,3.3,2.7,2.3,2.2,
okah_2,C,2024-02-26 00:00:00,-20.8399,19.2343,east,tall_plants,large_area,Other broad-leaved woody plants,3.8,2.3,2.6,2.3,
okah_2,C,2024-02-26 00:00:00,-20.8399,19.2343,east,tall_plants,large_area,Other broad-leaved woody plants,4.2,2.6,1.6,1.4,
okah_2,C,2024-02-26 00:00:00,-20.8399,19.2343,east,tall_plants,large_area,Other broad-leaved woody plants,3.7,1.8,2.2,1.2,
okah_2,C,2024-02-26 00:00:00,-20.8399,19.2343,east,tall_plants,large_area,Other broad-leaved woody plants,4.0,2.4,1.8,1.5,
okah_2,C,2024-02-26 00:00:00,-20.8399,19.2343,east,tall_plants,large_area,Other broad-leaved woody plants,3.9,3.0,1.5,1.2,
okah_2,C,2024-02-26 00:00:00,-20.8399,19.2343,east,tall_plants,large_area,Other broad-leaved woody plants,3.7,1.8,1.2,1.0,
okah_2,C,2024-02-26 00:00:00,-20.8399,19.2343,east,tall_plants,large_area,Other broad-leaved woody plants,3.5,3.0,2.4,1.5,
okah_2,C,2024-02-26 00:00:00,-20.8399,19.2343,east,tall_plants,large_area,Other broad-leaved woody plants,4.1,2.2,2.0,1.8,
okah_2,C,2024-02-26 00:00:00,-20.8399,19.2343,east,tall_plants,large_area,Other broad-leaved woody plants,3.7,3.2,1.5,1.4,
okah_2,C,2024-02-26 00:00:00,-20.8399,19.2343,east,tall_plants,large_area,Other broad-leaved woody plants,3.8,2.0,1.6,1.4,
okah_2,C,2024-02-26 00:00:00,-20.8399,19.2343,east,tall_plants,large_area,Other broad-leaved woody plants,2.8,2.5,1.2,1.0,
okah_2,C,2024-02-26 00:00:00,-20.8399,19.2343,east,tall_plants,large_area,Other broad-leaved woody plants,1.5,1.3,1.6,1.4,
okah_2,C,2024-02-26 00:00:00,-20.8399,19.2343,east,tall_plants,large_area,Other microphyllous-leaved woody plants,3.5,1.6,3.5,2.5,
okah_2,C,2024-02-26 00:00:00,-20.8399,19.2343,east,tall_plants,large_area,Other microphyllous-leaved woody plants,2.5,1.2,3.8,3.2,
okah_2,C,2024-02-26 00:00:00,-20.8399,19.2343,east,tall_plants,large_area,Other broad-leaved woody plants,3.0,1.8,3.4,2.6,
okah_2,C,2024-02-26 00:00:00,-20.8399,19.2343,east,tall_plants,large_area,Terminalia sericea,4.0,3.2,2.8,2.2,
okah_2,C,2024-02-26 00:00:00,-20.8399,19.2343,east,tall_plants,large_area,Terminalia sericea,4.8,3.4,3.2,2.0,
okah_2,C,2024-02-26 00:00:00,-20.8399,19.2343,east,tall_plants,large_area,Terminalia sericea,2.2,1.8,2.6,1.5,
okah_2,C,2024-02-26 00:00:00,-20.8399,19.2343,east,tall_plants,large_area,Other broad-leaved woody plants,3.1,3.0,1.3,1.1,
okah_2,C,2024-02-26 00:00:00,-20.8399,19.2343,west,short_plants,small_area,Terminalia sericea,0.83,0.52,0.5,0.3,
okah_2,C,2024-02-26 00:00:00,-20.8399,19.2343,west,short_plants,small_area,Other broad-leaved woody plants,0.78,0.3,0.8,0.65,
okah_2,C,2024-02-26 00:00:00,-20.8399,19.2343,west,short_plants,small_area,Other broad-leaved woody plants,1.0,0.4,1.1,0.6,
okah_2,C,2024-02-26 00:00:00,-20.8399,19.2343,west,short_plants,small_area,Other broad-leaved woody plants,1.3,0.6,2.4,1.5,
okah_2,C,2024-02-26 00:00:00,-20.8399,19.2343,west,tall_plants,large_area,Other broad-leaved woody plants,3.5,2.5,2.5,2.0,
okah_2,C,2024-02-26 00:00:00,-20.8399,19.2343,west,tall_plants,large_area,Terminalia sericea,3.4,2.5,2.0,1.4,
okah_2,C,2024-02-26 00:00:00,-20.8399,19.2343,west,tall_plants,large_area,Terminalia sericea,3.2,2.9,2.4,1.3,
okah_2,C,2024-02-26 00:00:00,-20.8399,19.2343,west,tall_plants,large_area,Terminalia sericea,3.5,3.1,3.6,3.0,
okah_2,C,2024-02-26 00:00:00,-20.8399,19.2343,west,tall_plants,large_area,Other broad-leaved woody plants,3.9,2.0,2.3,1.4,
okah_2,C,2024-02-26 00:00:00,-20.8399,19.2343,west,tall_plants,large_area,Other broad-leaved woody plants,4.5,1.6,3.8,3.0,
okah_2,C,2024-02-26 00:00:00,-20.8399,19.2343,south,short_plants,small_area,Terminalia sericea,1.9,1.3,1.3,0.8,
okah_2,C,2024-02-26 00:00:00,-20.8399,19.2343,south,short_plants,small_area,Terminalia sericea,1.7,1.2,1.3,0.7,
okah_2,C,2024-02-26 00:00:00,-20.8399,19.2343,south,short_plants,small_area,Terminalia sericea,1.7,1.15,1.2,0.9,
okah_2,C,2024-02-26 00:00:00,-20.8399,19.2343,south,short_plants,small_area,Terminalia sericea,1.6,1.1,1.6,1.4,
okah_2,C,2024-02-26 00:00:00,-20.8399,19.2343,south,short_plants,small_area,Other broad-leaved woody plants,1.1,0.7,0.9,0.5,
okah_2,C,2024-02-26 00:00:00,-20.8399,19.2343,south,short_plants,small_area,Other broad-leaved woody plants,2.2,1.9,2.0,1.5,
okah_2,C,2024-02-26 00:00:00,-20.8399,19.2343,south,short_plants,small_area,Other broad-leaved woody plants,2.3,0.8,2.4,1.0,
okah_2,C,2024-02-26 00:00:00,-20.8399,19.2343,south,short_plants,small_area,Other broad-leaved woody plants,2.0,1.3,1.9,1.8,
okah_2,C,2024-02-26 00:00:00,-20.8399,19.2343,south,short_plants,small_area,Other broad-leaved woody plants,2.0,1.7,1.0,0.7,
okah_2,C,2024-02-26 00:00:00,-20.8399,19.2343,south,short_plants,small_area,Other broad-leaved woody plants,1.7,1.1,1.2,0.8,
okah_2,C,2024-02-26 00:00:00,-20.8399,19.2343,south,short_plants,small_area,Other broad-leaved woody plants,0.8,0.3,1.2,0.5,
okah_2,C,2024-02-26 00:00:00,-20.8399,19.2343,south,tall_plants,large_area,Terminalia sericea,4.0,3.0,4.2,3.7,
okah_2,C,2024-02-26 00:00:00,-20.8399,19.2343,south,tall_plants,large_area,Terminalia sericea,2.8,2.3,2.0,1.3,
okah_2,C,2024-02-26 00:00:00,-20.8399,19.2343,south,tall_plants,large_area,Terminalia sericea,3.0,1.5,1.8,1.7,
okah_2,C,2024-02-26 00:00:00,-20.8399,19.2343,south,tall_plants,large_area,Other broad-leaved woody plants,4.6,2.3,3.6,2.4,
okah_2,C,2024-02-26 00:00:00,-20.8399,19.2343,south,tall_plants,large_area,Terminalia sericea,3.5,2.4,2.4,1.7,
okah_2,C,2024-02-26 00:00:00,-20.8399,19.2343,south,tall_plants,large_area,Terminalia sericea,3.7,2.5,3.0,2.0,
okah_2,C,2024-02-26 00:00:00,-20.8399,19.2343,south,tall_plants,large_area,Terminalia sericea,4.4,1.4,3.2,2.3,
okah_2,C,2024-02-26 00:00:00,-20.8399,19.2343,south,tall_plants,large_area,Other broad-leaved woody plants,5.5,3.0,4.5,4.0,
okah_2,C,2024-02-26 00:00:00,-20.8399,19.2343,south,tall_plants,large_area,Vachellia/Acacia reficiens,2.7,2.1,1.3,1.0,
okah_2,C,2024-02-26 00:00:00,-20.8399,19.2343,south,tall_plants,large_area,Other broad-leaved woody plants,3.5,3.1,2.0,1.7,
okah_2,C,2024-02-26 00:00:00,-20.8399,19.2343,north,short_plants,small_area,Other broad-leaved woody plants,1.8,0.65,0.6,0.3,
okah_2,C,2024-02-26 00:00:00,-20.8399,19.2343,north,short_plants,small_area,Other broad-leaved woody plants,1.2,0.6,1.8,1.3,
okah_2,C,2024-02-26 00:00:00,-20.8399,19.2343,north,short_plants,small_area,Other broad-leaved woody plants,1.95,1.6,1.7,1.1,
okah_2,C,2024-02-26 00:00:00,-20.8399,19.2343,north,short_plants,small_area,Terminalia sericea,1.2,0.9,1.2,0.7,
okah_2,C,2024-02-26 00:00:00,-20.8399,19.2343,north,short_plants,small_area,Other broad-leaved woody plants,1.75,0.8,0.8,0.6,
okah_2,C,2024-02-26 00:00:00,-20.8399,19.2343,north,short_plants,small_area,Other broad-leaved woody plants,1.1,0.8,1.0,0.4,
okah_2,C,2024-02-26 00:00:00,-20.8399,19.2343,north,short_plants,small_area,Other broad-leaved woody plants,1.55,0.8,1.5,1.1,
okah_2,C,2024-02-26 00:00:00,-20.8399,19.2343,north,short_plants,small_area,Other broad-leaved woody plants,1.2,0.3,0.9,0.7,
okah_2,C,2024-02-26 00:00:00,-20.8399,19.2343,north,short_plants,small_area,Other broad-leaved woody plants,1.4,1.1,1.25,0.9,
okah_2,C,2024-02-26 00:00:00,-20.8399,19.2343,north,short_plants,small_area,Other broad-leaved woody plants,0.6,0.4,0.35,0.3,
okah_2,C,2024-02-26 00:00:00,-20.8399,19.2343,north,short_plants,small_area,Other broad-leaved woody plants,1.0,0.6,0.55,0.45,
okah_2,C,2024-02-26 00:00:00,-20.8399,19.2343,EWSN,woody_seedlings,small_x4,Terminalia sericea,,,,,4.0
okah_2,C,2024-02-26 00:00:00,-20.8399,19.2343,EWSN,woody_seedlings,small_x4,Vachellia/Acacia reficiens,,,,,3.0
okah_2,C,2024-02-26 00:00:00,-20.8399,19.2343,EWSN,woody_seedlings,small_x4,Senegalia/Acacia mellifera,,,,,0.0
okah_2,C,2024-02-26 00:00:00,-20.8399,19.2343,EWSN,woody_seedlings,small_x4,Other microphyllous-leaved woody plants,,,,,6.0
okah_2,C,2024-02-26 00:00:00,-20.8399,19.2343,EWSN,woody_seedlings,small_x4,Other broad-leaved woody plants,,,,,13.0
beul_1,C,2024-02-03 00:00:00,-19.62969,14.8932,east,short_plants,small_area,Other broad-leaved woody plants,0.8,0.65,0.4,0.4,
beul_1,C,2024-02-03 00:00:00,-19.62969,14.8932,east,short_plants,small_area,Other microphyllous-leaved woody plants,1.2,1.1,1.7,1.6,
beul_1,C,2024-02-03 00:00:00,-19.62969,14.8932,west,short_plants,small_area,Other broad-leaved woody plants,1.3,0.9,0.95,1.0,
beul_1,C,2024-02-03 00:00:00,-19.62969,14.8932,west,short_plants,small_area,Other broad-leaved woody plants,1.35,1.2,0.95,0.9,
beul_1,C,2024-02-03 00:00:00,-19.62969,14.8932,west,tall_plants,large_area,Other broad-leaved woody plants,3.7,1.7,3.3,3.8,
beul_1,C,2024-02-03 00:00:00,-19.62969,14.8932,west,tall_plants,large_area,Other broad-leaved woody plants,2.8,1.7,2.8,3.2,
beul_1,C,2024-02-03 00:00:00,-19.62969,14.8932,west,tall_plants,large_area,Other broad-leaved woody plants,3.8,1.4,4.2,4.2,
beul_1,C,2024-02-03 00:00:00,-19.62969,14.8932,south,tall_plants,large_area,Other broad-leaved woody plants,3.1,1.85,3.5,2.3,
beul_1,C,2024-02-03 00:00:00,-19.62969,14.8932,south,tall_plants,large_area,Other broad-leaved woody plants,2.6,1.0,2.0,1.8,
beul_1,C,2024-02-03 00:00:00,-19.62969,14.8932,south,tall_plants,large_area,Senegalia/Acacia mellifera,2.6,2.1,2.3,3.3,
beul_1,C,2024-02-03 00:00:00,-19.62969,14.8932,north,short_plants,small_area,Other broad-leaved woody plants,1.95,1.3,2.0,1.7,
beul_1,C,2024-02-03 00:00:00,-19.62969,14.8932,north,short_plants,small_area,Other broad-leaved woody plants,0.55,0.15,0.6,0.5,
beul_1,C,2024-02-03 00:00:00,-19.62969,14.8932,north,short_plants,small_area,Other broad-leaved woody plants,1.8,1.4,1.0,1.7,
beul_1,C,2024-02-03 00:00:00,-19.62969,14.8932,north,short_plants,small_area,Other broad-leaved woody plants,1.6,1.1,1.0,1.25,
beul_1,C,2024-02-03 00:00:00,-19.62969,14.8932,north,short_plants,small_area,Other broad-leaved woody plants,1.7,0.9,1.9,2.0,
beul_1,C,2024-02-03 00:00:00,-19.62969,14.8932,north,short_plants,small_area,Other broad-leaved woody plants,0.95,0.75,0.8,0.6,
beul_1,C,2024-02-03 00:00:00,-19.62969,14.8932,north,short_plants,small_area,Other broad-leaved woody plants,0.95,0.9,0.4,0.5,
beul_1,C,2024-02-03 00:00:00,-19.62969,14.8932,north,tall_plants,large_area,Other broad-leaved woody plants,2.6,2.2,2.1,2.3,
beul_1,C,2024-02-03 00:00:00,-19.62969,14.8932,north,tall_plants,large_area,Other broad-leaved woody plants,1.65,1.3,3.5,3.5,
beul_1,C,2024-02-04 00:00:00,-19.62969,14.8932,EWSN,woody_seedlings,small_x4,Terminalia sericea,,,,,0.0
beul_1,C,2024-02-05 00:00:00,-19.62969,14.8932,EWSN,woody_seedlings,small_x4,Vachellia/Acacia reficiens,,,,,0.0
beul_1,C,2024-02-06 00:00:00,-19.62969,14.8932,EWSN,woody_seedlings,small_x4,Senegalia/Acacia mellifera,,,,,0.0
beul_1,C,2024-02-07 00:00:00,-19.62969,14.8932,EWSN,woody_seedlings,small_x4,Other microphyllous-leaved woody plants,,,,,4.0
beul_1,C,2024-02-08 00:00:00,-19.62969,14.8932,EWSN,woody_seedlings,small_x4,Other broad-leaved woody plants,,,,,3.0
beul_2,C,2024-02-03 00:00:00,-19.63927,14.92211,north,short_plants,small_area,Senegalia/Acacia mellifera,1.8,1.0,2.5,2.2,
beul_2,C,2024-02-03 00:00:00,-19.63927,14.92211,north,short_plants,small_area,Other broad-leaved woody plants,1.0,0.25,,1.1,
beul_2,C,2024-02-03 00:00:00,-19.63927,14.92211,north,short_plants,small_area,Other broad-leaved woody plants,0.85,0.85,0.5,0.6,
beul_2,C,2024-02-03 00:00:00,-19.63927,14.92211,north,short_plants,small_area,Other microphyllous-leaved woody plants,0.95,0.5,1.7,1.5,
beul_2,C,2024-02-03 00:00:00,-19.63927,14.92211,north,short_plants,small_area,Senegalia/Acacia mellifera,0.9,0.8,1.3,1.2,
beul_2,C,2024-02-04 00:00:00,-19.63927,14.92211,EWSN,woody_seedlings,small_x4,Terminalia sericea,,,,,0.0
beul_2,C,2024-02-05 00:00:00,-19.63927,14.92211,EWSN,woody_seedlings,small_x4,Vachellia/Acacia reficiens,,,,,0.0
beul_2,C,2024-02-06 00:00:00,-19.63927,14.92211,EWSN,woody_seedlings,small_x4,Senegalia/Acacia mellifera,,,,,1.0
beul_2,C,2024-02-07 00:00:00,-19.63927,14.92211,EWSN,woody_seedlings,small_x4,Other microphyllous-leaved woody plants,,,,,0.0
beul_2,C,2024-02-08 00:00:00,-19.63927,14.92211,EWSN,woody_seedlings,small_x4,Other broad-leaved woody plants,,,,,1.0
beul_4,C,2024-02-03 00:00:00,-19.65219,14.87441,east,short_plants,small_area,Senegalia/Acacia mellifera,1.0,0.7,1.3,0.9,
beul_4,C,2024-02-03 00:00:00,-19.65219,14.87441,east,short_plants,small_area,Other broad-leaved woody plants,1.2,0.65,3.0,1.9,
beul_4,C,2024-02-03 00:00:00,-19.65219,14.87441,west,short_plants,small_area,Senegalia/Acacia mellifera,0.65,0.6,0.75,0.6,
beul_4,C,2024-02-03 00:00:00,-19.65219,14.87441,west,short_plants,small_area,Senegalia/Acacia mellifera,0.6,0.4,0.6,0.6,
beul_4,C,2024-02-03 00:00:00,-19.65219,14.87441,west,short_plants,small_area,Other broad-leaved woody plants,1.9,0.2,3.3,2.2,
beul_4,C,2024-02-03 00:00:00,-19.65219,14.87441,west,short_plants,small_area,Other broad-leaved woody plants,1.95,0.3,2.0,2.0,
beul_4,C,2024-02-03 00:00:00,-19.65219,14.87441,west,short_plants,small_area,REF,0.75,0.6,0.7,0.7,
beul_4,C,2024-02-03 00:00:00,-19.65219,14.87441,south,short_plants,small_area,Other broad-leaved woody plants,1.75,1.5,2.0,1.7,
beul_4,C,2024-02-03 00:00:00,-19.65219,14.87441,south,short_plants,small_area,Other broad-leaved woody plants,1.9,1.7,1.6,0.9,
beul_4,C,2024-02-03 00:00:00,-19.65219,14.87441,south,short_plants,small_area,Senegalia/Acacia mellifera,1.0,0.55,0.8,0.7,
beul_4,C,2024-02-03 00:00:00,-19.65219,14.87441,south,short_plants,small_area,Other broad-leaved woody plants,1.95,1.95,1.6,1.7,
beul_4,C,2024-02-03 00:00:00,-19.65219,14.87441,south,short_plants,small_area,Other broad-leaved woody plants,1.65,0.4,0.3,0.3,
beul_4,C,2024-02-03 00:00:00,-19.65219,14.87441,south,short_plants,small_area,Other broad-leaved woody plants,1.35,1.35,1.1,0.6,
beul_4,C,2024-02-03 00:00:00,-19.65219,14.87441,south,short_plants,small_area,Other broad-leaved woody plants,1.1,1.1,0.8,0.3,
beul_4,C,2024-02-03 00:00:00,-19.65219,14.87441,north,short_plants,small_area,Other microphyllous-leaved woody plants,0.9,0.75,0.5,0.55,
beul_4,C,2024-02-03 00:00:00,-19.65219,14.87441,north,short_plants,small_area,Senegalia/Acacia mellifera,1.25,1.05,1.7,1.45,
beul_4,C,2024-02-03 00:00:00,-19.65219,14.87441,north,short_plants,small_area,Senegalia/Acacia mellifera,1.2,1.0,1.0,1.0,
beul_4,C,2024-02-04 00:00:00,-19.65219,14.87441,north,short_plants,small_area,Other broad-leaved woody plants,1.6,1.0,1.3,1.0,
beul_4,C,2024-02-05 00:00:00,-19.65219,14.87441,EWSN,woody_seedlings,small_x4,Terminalia sericea,,,,,0.0
beul_4,C,2024-02-06 00:00:00,-19.65219,14.87441,EWSN,woody_seedlings,small_x4,Vachellia/Acacia reficiens,,,,,0.0
beul_4,C,2024-02-07 00:00:00,-19.65219,14.87441,EWSN,woody_seedlings,small_x4,Senegalia/Acacia mellifera,,,,,6.0
beul_4,C,2024-02-08 00:00:00,-19.65219,14.87441,EWSN,woody_seedlings,small_x4,Other microphyllous-leaved woody plants,,,,,9.0
beul_4,C,2024-02-09 00:00:00,-19.65219,14.87441,EWSN,woody_seedlings,small_x4,Other broad-leaved woody plants,,,,,5.0
moll_1,C,2024-02-11 00:00:00,-22.45829,19.72756,east,short_plants,small_area,Terminalia sericea,1.1,1.0,1.0,0.6,
moll_1,C,2024-02-11 00:00:00,-22.45829,19.72756,east,short_plants,small_area,Terminalia sericea,0.7,0.5,0.8,0.3,
moll_1,C,2024-02-11 00:00:00,-22.45829,19.72756,east,tall_plants,large_area,Terminalia sericea,2.75,1.8,2.3,1.8,
moll_1,C,2024-02-11 00:00:00,-22.45829,19.72756,north,short_plants,small_area,Terminalia sericea,0.95,0.8,1.2,1.15,
moll_1,C,2024-02-11 00:00:00,-22.45829,19.72756,west,short_plants,small_area,Other broad-leaved woody plants,1.35,0.8,1.83,1.8,
moll_1,C,2024-02-11 00:00:00,-22.45829,19.72756,west,short_plants,small_area,Other broad-leaved woody plants,2.2,1.1,2.0,1.9,
moll_1,C,2024-02-11 00:00:00,-22.45829,19.72756,west,short_plants,small_area,Terminalia sericea,1.2,1.85,1.2,0.9,
moll_1,C,2024-02-11 00:00:00,-22.45829,19.72756,west,short_plants,small_area,Other broad-leaved woody plants,1.8,1.0,3.4,2.3,
moll_1,C,2024-02-11 00:00:00,-22.45829,19.72756,west,short_plants,small_area,Terminalia sericea,1.3,0.55,1.6,1.15,
moll_1,C,2024-02-11 00:00:00,-22.45829,19.72756,west,short_plants,small_area,Terminalia sericea,1.6,1.4,1.7,1.6,
moll_1,C,2024-02-11 00:00:00,-22.45829,19.72756,west,short_plants,small_area,Terminalia sericea,2.0,1.0,1.85,1.3,
moll_1,C,2024-02-11 00:00:00,-22.45829,19.72756,west,short_plants,small_area,Terminalia sericea,2.1,0.85,1.9,1.3,
moll_1,C,2024-02-11 00:00:00,-22.45829,19.72756,west,short_plants,small_area,Terminalia sericea,1.75,1.0,2.3,1.3,
moll_1,C,2024-02-11 00:00:00,-22.45829,19.72756,west,short_plants,small_area,Terminalia sericea,2.2,2.1,2.3,1.7,
moll_1,C,2024-02-11 00:00:00,-22.45829,19.72756,west,tall_plants,large_area,Terminalia sericea,5.3,3.5,6.0,4.8,
moll_1,C,2024-02-11 00:00:00,-22.45829,19.72756,south,short_plants,small_area,Terminalia sericea,2.0,2.6,1.8,1.5,
moll_1,C,2024-02-11 00:00:00,-22.45829,19.72756,south,short_plants,small_area,Terminalia sericea,2.0,0.8,1.4,1.1,
moll_1,C,2024-02-11 00:00:00,-22.45829,19.72756,south,tall_plants,large_area,Terminalia sericea,3.8,2.05,4.8,4.0,
moll_1,C,2024-02-11 00:00:00,-22.45829,19.72756,south,tall_plants,large_area,Terminalia sericea,4.1,1.7,3.1,1.6,
moll_1,C,2024-02-11 00:00:00,-22.45829,19.72756,south,tall_plants,large_area,Terminalia sericea,3.3,1.45,2.9,2.7,
moll_1,C,2024-02-11 00:00:00,-22.45829,19.72756,EWSN,woody_seedlings,small_x4,Terminalia sericea,,,,,0.0
moll_1,C,2024-02-11 00:00:00,-22.45829,19.72756,EWSN,woody_seedlings,small_x4,Vachellia/Acacia reficiens,,,,,0.0
moll_1,C,2024-02-11 00:00:00,-22.45829,19.72756,EWSN,woody_seedlings,small_x4,Senegalia/Acacia mellifera,,,,,1.0
moll_1,C,2024-02-11 00:00:00,-22.45829,19.72756,EWSN,woody_seedlings,small_x4,Other microphyllous-leaved woody plants,,,,,40.0
moll_1,C,2024-02-11 00:00:00,-22.45829,19.72756,EWSN,woody_seedlings,small_x4,Other broad-leaved woody plants,,,,,0.0
moll_2,C,2024-02-11 00:00:00,-22.45986,19.75944,east,short_plants,small_area,Other microphyllous-leaved woody plants,1.1,0.45,1.5,1.3,
moll_2,C,2024-02-11 00:00:00,-22.45986,19.75944,east,short_plants,small_area,Senegalia/Acacia mellifera,0.62,0.4,1.4,1.35,
moll_2,C,2024-02-11 00:00:00,-22.45986,19.75944,north,short_plants,small_area,Senegalia/Acacia mellifera,1.05,0.4,1.4,1.3,
moll_2,C,2024-02-11 00:00:00,-22.45986,19.75944,west,short_plants,small_area,Other broad-leaved woody plants,2.0,0.95,3.3,2.9,
moll_2,C,2024-02-11 00:00:00,-22.45986,19.75944,south,short_plants,small_area,Senegalia/Acacia mellifera,0.55,0.4,0.6,0.4,
moll_2,C,2024-02-11 00:00:00,-22.45986,19.75944,EWSN,woody_seedlings,small_x4,Terminalia sericea,,,,,0.0
moll_2,C,2024-02-11 00:00:00,-22.45986,19.75944,EWSN,woody_seedlings,small_x4,Vachellia/Acacia reficiens,,,,,0.0
moll_2,C,2024-02-11 00:00:00,-22.45986,19.75944,EWSN,woody_seedlings,small_x4,Senegalia/Acacia mellifera,,,,,17.0
moll_2,C,2024-02-11 00:00:00,-22.45986,19.75944,EWSN,woody_seedlings,small_x4,Other microphyllous-leaved woody plants,,,,,5.0
moll_2,C,2024-02-11 00:00:00,-22.45986,19.75944,EWSN,woody_seedlings,small_x4,Other broad-leaved woody plants,,,,,2.0
moll_3,C,2024-02-10 00:00:00,-22.492,19.7671,east,short_plants,small_area,Other broad-leaved woody plants,2.4,0.2,4.0,4.2,
moll_3,C,2024-02-10 00:00:00,-22.492,19.7671,east,short_plants,small_area,Senegalia/Acacia mellifera,1.24,1.1,1.2,,
moll_3,C,2024-02-10 00:00:00,-22.492,19.7671,east,short_plants,small_area,Senegalia/Acacia mellifera,0.7,0.5,0.8,0.5,
moll_3,C,2024-02-10 00:00:00,-22.492,19.7671,east,tall_plants,large_area,Vachellia/Acacia reficiens,4.5,2.9,4.7,4.3,
moll_3,C,2024-02-10 00:00:00,-22.492,19.7671,north,short_plants,small_area,Senegalia/Acacia mellifera,1.3,0.65,1.2,1.5,
moll_3,C,2024-02-10 00:00:00,-22.492,19.7671,north,short_plants,small_area,Other microphyllous-leaved woody plants,0.7,0.4,0.9,0.7,
moll_3,C,2024-02-10 00:00:00,-22.492,19.7671,north,short_plants,small_area,Other microphyllous-leaved woody plants,0.7,0.7,0.95,0.9,
moll_3,C,2024-02-10 00:00:00,-22.492,19.7671,north,short_plants,small_area,Senegalia/Acacia mellifera,1.2,0.9,0.95,1.0,
moll_3,C,2024-02-10 00:00:00,-22.492,19.7671,north,tall_plants,large_area,Senegalia/Acacia mellifera,5.5,3.2,8.2,7.5,
moll_3,C,2024-02-10 00:00:00,-22.492,19.7671,west,short_plants,small_area,Terminalia sericea,5.2,2.2,5.5,5.0,
moll_3,C,2024-02-10 00:00:00,-22.492,19.7671,west,short_plants,small_area,Other microphyllous-leaved woody plants,1.6,0.9,2.1,2.5,
moll_3,C,2024-02-10 00:00:00,-22.492,19.7671,west,short_plants,small_area,Other microphyllous-leaved woody plants,0.65,0.45,0.45,0.25,
moll_3,C,2024-02-10 00:00:00,-22.492,19.7671,west,short_plants,small_area,Other microphyllous-leaved woody plants,1.4,0.8,1.8,1.0,
moll_3,C,2024-02-10 00:00:00,-22.492,19.7671,west,tall_plants,large_area,Terminalia sericea,4.5,1.9,4.4,2.6,
moll_3,C,2024-02-10 00:00:00,-22.492,19.7671,west,tall_plants,large_area,Terminalia sericea,4.6,2.4,3.6,1.8,
moll_3,C,2024-02-10 00:00:00,-22.492,19.7671,west,tall_plants,large_area,Terminalia sericea,3.1,1.6,2.7,2.3,
moll_3,C,2024-02-10 00:00:00,-22.492,19.7671,west,tall_plants,large_area,Other broad-leaved woody plants,4.0,3.2,2.8,2.5,
moll_3,C,2024-02-10 00:00:00,-22.492,19.7671,west,tall_plants,large_area,Terminalia sericea,3.0,1.8,4.3,1.7,
moll_3,C,2024-02-10 00:00:00,-22.492,19.7671,west,tall_plants,large_area,Terminalia sericea,3.8,1.5,3.5,3.4,
moll_3,C,2024-02-10 00:00:00,-22.492,19.7671,EWSN,woody_seedlings,small_x4,Terminalia sericea,,,,,0.0
moll_3,C,2024-02-10 00:00:00,-22.492,19.7671,EWSN,woody_seedlings,small_x4,Vachellia/Acacia reficiens,,,,,0.0
moll_3,C,2024-02-10 00:00:00,-22.492,19.7671,EWSN,woody_seedlings,small_x4,Senegalia/Acacia mellifera,,,,,0.0
moll_3,C,2024-02-10 00:00:00,-22.492,19.7671,EWSN,woody_seedlings,small_x4,Other microphyllous-leaved woody plants,,,,,69.0
moll_3,C,2024-02-10 00:00:00,-22.492,19.7671,EWSN,woody_seedlings,small_x4,Other broad-leaved woody plants,,,,,29.0
keet_3,C,2024-02-17 00:00:00,-26.58628,18.1929,south,short_plants,small_area,Other microphyllous-leaved woody plants,1.27,0.4,2.0,2.3,
keet_3,C,2024-02-17 00:00:00,-26.58628,18.1929,south,short_plants,small_area,Other microphyllous-leaved woody plants,1.03,0.4,1.8,1.25,
keet_3,C,2024-02-17 00:00:00,-26.58628,18.1929,south,tall_plants,large_area,Senegalia/Acacia mellifera,5.2,1.95,3.1,3.0,
keet_3,C,2024-02-17 00:00:00,-26.58628,18.1929,west,short_plants,small_area,Other microphyllous-leaved woody plants,1.37,1.19,2.0,1.9,
keet_3,C,2024-02-17 00:00:00,-26.58628,18.1929,EWSN,woody_seedlings,small_x4,Terminalia sericea,,,,,0.0
keet_3,C,2024-02-17 00:00:00,-26.58628,18.1929,EWSN,woody_seedlings,small_x4,Vachellia/Acacia reficiens,,,,,0.0
keet_3,C,2024-02-17 00:00:00,-26.58628,18.1929,EWSN,woody_seedlings,small_x4,Senegalia/Acacia mellifera,,,,,0.0
keet_3,C,2024-02-17 00:00:00,-26.58628,18.1929,EWSN,woody_seedlings,small_x4,Other microphyllous-leaved woody plants,,,,,0.0
keet_3,C,2024-02-17 00:00:00,-26.58628,18.1929,EWSN,woody_seedlings,small_x4,Other broad-leaved woody plants,,,,,0.0
keet_4,C,2024-02-18 00:00:00,-26.56821,18.20569,west,tall_plants,large_area,Senegalia/Acacia mellifera,4.4,2.0,7.5,6.0,
keet_4,C,2024-02-18 00:00:00,-26.56821,18.20569,EWSN,woody_seedlings,small_x4,Terminalia sericea,,,,,0.0
keet_4,C,2024-02-18 00:00:00,-26.56821,18.20569,EWSN,woody_seedlings,small_x4,Vachellia/Acacia reficiens,,,,,0.0
keet_4,C,2024-02-18 00:00:00,-26.56821,18.20569,EWSN,woody_seedlings,small_x4,Senegalia/Acacia mellifera,,,,,0.0
keet_4,C,2024-02-18 00:00:00,-26.56821,18.20569,EWSN,woody_seedlings,small_x4,Other microphyllous-leaved woody plants,,,,,0.0
keet_4,C,2024-02-18 00:00:00,-26.56821,18.20569,EWSN,woody_seedlings,small_x4,Other broad-leaved woody plants,,,,,0.0
keet_5,C,2024-02-18 00:00:00,-26.5788,18.19289,south,short_plants,small_area,Other microphyllous-leaved woody plants,0.7,0.52,1.5,1.53,
keet_5,C,2024-02-18 00:00:00,-26.5788,18.19289,south,short_plants,small_area,Other microphyllous-leaved woody plants,1.0,0.15,1.92,1.25,
keet_5,C,2024-02-18 00:00:00,-26.5788,18.19289,south,short_plants,small_area,Other microphyllous-leaved woody plants,1.8,1.23,1.4,1.12,
keet_5,C,2024-02-18 00:00:00,-26.5788,18.19289,south,short_plants,small_area,Other microphyllous-leaved woody plants,1.2,0.4,2.3,2.0,
keet_5,C,2024-02-18 00:00:00,-26.5788,18.19289,south,short_plants,small_area,Other microphyllous-leaved woody plants,1.7,0.6,3.5,4.0,
keet_5,C,2024-02-18 00:00:00,-26.5788,18.19289,south,short_plants,small_area,Other microphyllous-leaved woody plants,1.75,1.97,2.5,1.8,
keet_5,C,2024-02-18 00:00:00,-26.5788,18.19289,south,short_plants,small_area,Other microphyllous-leaved woody plants,2.0,1.2,2.3,2.4,
keet_5,C,2024-02-18 00:00:00,-26.5788,18.19289,EWSN,woody_seedlings,small_x4,Terminalia sericea,,,,,0.0
keet_5,C,2024-02-18 00:00:00,-26.5788,18.19289,EWSN,woody_seedlings,small_x4,Vachellia/Acacia reficiens,,,,,0.0
keet_5,C,2024-02-18 00:00:00,-26.5788,18.19289,EWSN,woody_seedlings,small_x4,Senegalia/Acacia mellifera,,,,,0.0
keet_5,C,2024-02-18 00:00:00,-26.5788,18.19289,EWSN,woody_seedlings,small_x4,Other microphyllous-leaved woody plants,,,,,10.0
keet_5,C,2024-02-18 00:00:00,-26.5788,18.19289,EWSN,woody_seedlings,small_x4,Other broad-leaved woody plants,,,,,0.0
busc_1,C,2024-02-29 00:00:00,-26.83637,19.7791,south,short_plants,small_area,Other microphyllous-leaved woody plants,1.15,0.27,1.9,1.9,
busc_1,C,2024-02-29 00:00:00,-26.83637,19.7791,south,short_plants,small_area,Other microphyllous-leaved woody plants,1.49,0.79,2.3,2.1,
busc_1,C,2024-02-29 00:00:00,-26.83637,19.7791,south,short_plants,small_area,Other microphyllous-leaved woody plants,1.72,0.85,2.0,2.5,
busc_1,C,2024-02-29 00:00:00,-26.83637,19.7791,south,short_plants,small_area,Other microphyllous-leaved woody plants,1.28,0.6,1.8,1.65,
busc_1,C,2024-02-29 00:00:00,-26.83637,19.7791,EWSN,woody_seedlings,small_x4,Terminalia sericea,,,,,0.0
busc_1,C,2024-02-29 00:00:00,-26.83637,19.7791,EWSN,woody_seedlings,small_x4,Vachellia/Acacia reficiens,,,,,0.0
busc_1,C,2024-02-29 00:00:00,-26.83637,19.7791,EWSN,woody_seedlings,small_x4,Senegalia/Acacia mellifera,,,,,0.0
busc_1,C,2024-02-29 00:00:00,-26.83637,19.7791,EWSN,woody_seedlings,small_x4,Other microphyllous-leaved woody plants,,,,,8.0
busc_1,C,2024-02-29 00:00:00,-26.83637,19.7791,EWSN,woody_seedlings,small_x4,Other broad-leaved woody plants,,,,,1.0
busc_2,C,28/02/2024,-26.858,19.72761,north,short_plants,small_area,Other microphyllous-leaved woody plants,1.7,0.4,1.8,2.0,
busc_2,C,28/02/2024,-26.858,19.72761,north,short_plants,small_area,Other microphyllous-leaved woody plants,1.45,0.65,2.0,1.9,
busc_2,C,28/02/2024,-26.858,19.72761,north,short_plants,small_area,Senegalia/Acacia mellifera,1.8,1.0,2.8,2.7,
busc_2,C,28/02/2024,-26.858,19.72761,north,short_plants,small_area,Other microphyllous-leaved woody plants,1.7,0.6,2.5,2.8,
busc_2,C,28/02/2024,-26.858,19.72761,north,short_plants,small_area,Other microphyllous-leaved woody plants,1.2,0.65,1.3,1.45,
busc_2,C,28/02/2024,-26.858,19.72761,north,short_plants,small_area,Other microphyllous-leaved woody plants,1.4,0.68,2.3,2.1,
busc_2,C,28/02/2024,-26.858,19.72761,south,short_plants,small_area,Other microphyllous-leaved woody plants,1.7,0.95,2.6,1.8,
busc_2,C,28/02/2024,-26.858,19.72761,south,short_plants,small_area,Other microphyllous-leaved woody plants,2.0,0.3,2.5,2.2,
busc_2,C,28/02/2024,-26.858,19.72761,south,short_plants,small_area,Other microphyllous-leaved woody plants,1.73,0.4,2.5,2.6,
busc_2,C,28/02/2024,-26.858,19.72761,south,short_plants,small_area,Other microphyllous-leaved woody plants,1.15,0.75,2.7,1.48,
busc_2,C,28/02/2024,-26.858,19.72761,south,short_plants,small_area,Other microphyllous-leaved woody plants,1.8,0.55,3.1,3.0,
busc_2,C,28/02/2024,-26.858,19.72761,south,short_plants,small_area,Other microphyllous-leaved woody plants,1.8,0.5,2.8,2.5,
busc_2,C,28/02/2024,-26.858,19.72761,south,short_plants,small_area,Senegalia/Acacia mellifera,0.7,0.35,1.1,1.3,
busc_2,C,28/02/2024,-26.858,19.72761,east,short_plants,small_area,Other microphyllous-leaved woody plants,0.95,0.18,1.7,1.5,
busc_2,C,28/02/2024,-26.858,19.72761,EWSN,woody_seedlings,small_x4,Terminalia sericea,,,,,0.0
busc_2,C,28/02/2024,-26.858,19.72761,EWSN,woody_seedlings,small_x4,Vachellia/Acacia reficiens,,,,,0.0
busc_2,C,28/02/2024,-26.858,19.72761,EWSN,woody_seedlings,small_x4,Senegalia/Acacia mellifera,,,,,0.0
busc_2,C,28/02/2024,-26.858,19.72761,EWSN,woody_seedlings,small_x4,Other microphyllous-leaved woody plants,,,,,1.0
busc_2,C,28/02/2024,-26.858,19.72761,EWSN,woody_seedlings,small_x4,Other broad-leaved woody plants,,,,,0.0
busc_5,C,28/02/2024,-26.858,19.72761,EWSN,woody_seedlings,small_x4,Terminalia sericea,,,,,0.0
busc_5,C,28/02/2024,-26.858,19.72761,EWSN,woody_seedlings,small_x4,Vachellia/Acacia reficiens,,,,,0.0
busc_5,C,28/02/2024,-26.858,19.72761,EWSN,woody_seedlings,small_x4,Senegalia/Acacia mellifera,,,,,0.0
busc_5,C,28/02/2024,-26.858,19.72761,EWSN,woody_seedlings,small_x4,Other microphyllous-leaved woody plants,,,,,5.0
busc_5,C,28/02/2024,-26.858,19.72761,EWSN,woody_seedlings,small_x4,Other broad-leaved woody plants,,,,,0.0
okar_1,C,2024-07-02 00:00:00,-21.33501,15.60011,east,short_plants,small_area,Terminalia sericea,0.7,0.6,0.3,0.3,
okar_1,C,2024-07-02 00:00:00,-21.33501,15.60011,south,short_plants,small_area,Terminalia sericea,0.7,1.4,0.7,0.7,
okar_1,C,2024-07-02 00:00:00,-21.33501,15.60011,north,short_plants,small_area,Terminalia sericea,1.0,2.6,1.3,1.3,
okar_1,C,2024-07-02 00:00:00,-21.33501,15.60011,north,short_plants,small_area,Other microphyllous-leaved woody plants,1.6,2.6,1.2,1.4,
okar_1,C,2024-07-02 00:00:00,-21.33501,15.60011,north,short_plants,small_area,Other broad-leaved woody plants,1.3,3.3,1.7,1.6,
okar_1,C,2024-07-02 00:00:00,-21.33501,15.60011,north,short_plants,small_area,Terminalia sericea,2.2,3.1,1.6,1.5,
okar_1,C,2024-07-02 00:00:00,-21.33501,15.60011,west,short_plants,small_area,Other broad-leaved woody plants,1.3,2.6,1.6,1.0,
okar_1,C,2024-07-02 00:00:00,-21.33501,15.60011,west,short_plants,small_area,Other broad-leaved woody plants,2.4,3.5,1.5,2.0,
okar_1,C,2024-07-02 00:00:00,-21.33501,15.60011,east,tall_plants,large_area,Other microphyllous-leaved woody plants,5.0,6.5,3.0,3.5,
okar_1,C,2024-07-02 00:00:00,-21.33501,15.60011,south,tall_plants,large_area,Other microphyllous-leaved woody plants,3.0,3.0,2.5,2.5,
okar_1,C,2024-07-02 00:00:00,-21.33501,15.60011,south,tall_plants,large_area,Other broad-leaved woody plants,2.9,2.5,1.5,1.0,
okar_1,C,2024-07-02 00:00:00,-21.33501,15.60011,west,tall_plants,large_area,Other microphyllous-leaved woody plants,4.0,5.7,3.0,2.7,
okar_1,C,2024-07-02 00:00:00,-21.33501,15.60011,EWSN,woody_seedlings,small_x4,Terminalia sericea,,,,,3.0
okar_1,C,2024-07-02 00:00:00,-21.33501,15.60011,EWSN,woody_seedlings,small_x4,Vachellia/Acacia reficiens,,,,,0.0
okar_1,C,2024-07-02 00:00:00,-21.33501,15.60011,EWSN,woody_seedlings,small_x4,Senegalia/Acacia mellifera,,,,,0.0
okar_1,C,2024-07-02 00:00:00,-21.33501,15.60011,EWSN,woody_seedlings,small_x4,Other microphyllous-leaved woody plants,,,,,9.0
okar_1,C,2024-07-02 00:00:00,-21.33501,15.60011,EWSN,woody_seedlings,small_x4,Other broad-leaved woody plants,,,,,4.0
okar_2,C,2024-07-02 00:00:00,-21.3412,15.57402,east,short_plants,small_area,Other broad-leaved woody plants,2.0,4.0,2.5,1.5,
okar_2,C,2024-07-02 00:00:00,-21.3412,15.57402,east,short_plants,small_area,Other broad-leaved woody plants,1.7,2.5,1.2,1.3,
okar_2,C,2024-07-02 00:00:00,-21.3412,15.57402,east,short_plants,small_area,Other broad-leaved woody plants,2.0,3.0,1.5,1.5,
okar_2,C,2024-07-02 00:00:00,-21.3412,15.57402,east,short_plants,small_area,Other microphyllous-leaved woody plants,1.5,3.3,1.5,1.8,
okar_2,C,2024-07-02 00:00:00,-21.3412,15.57402,north,short_plants,small_area,Senegalia/Acacia mellifera,2.4,5.5,2.5,3.0,
okar_2,C,2024-07-02 00:00:00,-21.3412,15.57402,north,short_plants,small_area,Terminalia sericea,1.9,3.0,2.0,1.0,
okar_2,C,2024-07-02 00:00:00,-21.3412,15.57402,north,short_plants,small_area,Senegalia/Acacia mellifera,1.3,2.3,1.1,1.2,
okar_2,C,2024-07-02 00:00:00,-21.3412,15.57402,south,short_plants,small_area,Terminalia sericea,1.7,3.5,2.2,1.0,
okar_2,C,2024-07-02 00:00:00,-21.3412,15.57402,south,short_plants,small_area,Terminalia sericea,1.0,3.2,1.5,1.7,
okar_2,C,2024-07-02 00:00:00,-21.3412,15.57402,south,short_plants,small_area,Other microphyllous-leaved woody plants,2.0,2.7,1.2,1.5,
okar_2,C,2024-07-02 00:00:00,-21.3412,15.57402,south,short_plants,small_area,Other microphyllous-leaved woody plants,1.7,2.7,1.7,1.2,
okar_2,C,2024-07-02 00:00:00,-21.3412,15.57402,west,short_plants,small_area,Other microphyllous-leaved woody plants,1.5,2.5,1.0,1.5,
okar_2,C,2024-07-02 00:00:00,-21.3412,15.57402,west,short_plants,small_area,Other microphyllous-leaved woody plants,1.1,2.3,1.3,1.0,
okar_2,C,2024-07-02 00:00:00,-21.3412,15.57402,west,short_plants,small_area,Vachellia/Acacia reficiens,1.3,2.9,1.4,1.5,
okar_2,C,2024-07-02 00:00:00,-21.3412,15.57402,west,short_plants,small_area,Vachellia/Acacia reficiens,1.3,2.3,1.3,1.0,
okar_2,C,2024-07-02 00:00:00,-21.3412,15.57402,east,tall_plants,large_area,Other broad-leaved woody plants,3.2,5.5,3.0,2.5,
okar_2,C,2024-07-02 00:00:00,-21.3412,15.57402,east,tall_plants,large_area,Other broad-leaved woody plants,3.0,5.6,2.6,3.0,
okar_2,C,2024-07-02 00:00:00,-21.3412,15.57402,north,tall_plants,large_area,Other broad-leaved woody plants,3.5,3.5,1.5,2.0,
okar_2,C,2024-07-02 00:00:00,-21.3412,15.57402,north,tall_plants,large_area,Vachellia/Acacia reficiens,2.8,3.8,2.0,1.8,
okar_2,C,2024-07-02 00:00:00,-21.3412,15.57402,south,tall_plants,large_area,Other microphyllous-leaved woody plants,4.0,4.5,2.5,2.0,
okar_2,C,2024-07-02 00:00:00,-21.3412,15.57402,west,tall_plants,large_area,Other microphyllous-leaved woody plants,3.3,5.6,2.6,3.0,
okar_2,C,2024-07-02 00:00:00,-21.3412,15.57402,EWSN,woody_seedlings,small_x4,Terminalia sericea,,,,,4.0
okar_2,C,2024-07-02 00:00:00,-21.3412,15.57402,EWSN,woody_seedlings,small_x4,Vachellia/Acacia reficiens,,,,,8.0
okar_2,C,2024-07-02 00:00:00,-21.3412,15.57402,EWSN,woody_seedlings,small_x4,Senegalia/Acacia mellifera,,,,,0.0
okar_2,C,2024-07-02 00:00:00,-21.3412,15.57402,EWSN,woody_seedlings,small_x4,Other microphyllous-leaved woody plants,,,,,13.0
okar_2,C,2024-07-02 00:00:00,-21.3412,15.57402,EWSN,woody_seedlings,small_x4,Other broad-leaved woody plants,,,,,5.0
okar_6,C,2024-08-02 00:00:00,-21.34123,15.5888,east,short_plants,small_area,Other broad-leaved woody plants,2.5,4.0,2.2,1.8,
okar_6,C,2024-08-02 00:00:00,-21.34123,15.5888,east,short_plants,small_area,Other broad-leaved woody plants,1.2,1.5,1.1,0.4,
okar_6,C,2024-08-02 00:00:00,-21.34123,15.5888,east,short_plants,small_area,Other microphyllous-leaved woody plants,1.8,2.3,1.5,0.8,
okar_6,C,2024-08-02 00:00:00,-21.34123,15.5888,west,short_plants,small_area,Other broad-leaved woody plants,2.2,2.5,2.0,0.5,
okar_6,C,2024-08-02 00:00:00,-21.34123,15.5888,west,short_plants,small_area,Vachellia/Acacia reficiens,0.8,0.8,0.4,0.4,
okar_6,C,2024-08-02 00:00:00,-21.34123,15.5888,west,short_plants,small_area,Vachellia/Acacia reficiens,0.7,0.9,0.4,0.5,
okar_6,C,2024-08-02 00:00:00,-21.34123,15.5888,south,short_plants,small_area,Senegalia/Acacia mellifera,0.7,0.9,0.3,0.6,
okar_6,C,2024-08-02 00:00:00,-21.34123,15.5888,south,short_plants,small_area,Senegalia/Acacia mellifera,0.9,0.9,0.2,0.7,
okar_6,C,2024-08-02 00:00:00,-21.34123,15.5888,south,short_plants,small_area,Other microphyllous-leaved woody plants,0.6,1.0,0.5,0.5,
okar_6,C,2024-08-02 00:00:00,-21.34123,15.5888,north,short_plants,small_area,Other broad-leaved woody plants,2.5,4.0,2.0,2.0,
okar_6,C,2024-08-02 00:00:00,-21.34123,15.5888,north,short_plants,small_area,Senegalia/Acacia mellifera,2.4,5.0,2.4,2.6,
okar_6,C,2024-08-02 00:00:00,-21.34123,15.5888,north,short_plants,small_area,Other microphyllous-leaved woody plants,2.4,3.1,1.6,1.5,
okar_6,C,2024-08-02 00:00:00,-21.34123,15.5888,east,tall_plants,large_area,Other broad-leaved woody plants,3.2,4.5,2.5,2.0,
okar_6,C,2024-08-02 00:00:00,-21.34123,15.5888,west,tall_plants,large_area,Vachellia/Acacia reficiens,2.8,0.9,0.7,0.2,
okar_6,C,2024-08-02 00:00:00,-21.34123,15.5888,west,tall_plants,large_area,Vachellia/Acacia reficiens,4.0,5.0,3.5,2.5,
okar_6,C,2024-08-02 00:00:00,-21.34123,15.5888,west,tall_plants,large_area,Other broad-leaved woody plants,3.0,3.1,2.0,1.1,
okar_6,C,2024-08-02 00:00:00,-21.34123,15.5888,EWSN,woody_seedlings,small_x4,Terminalia sericea,,,,,0.0
okar_6,C,2024-08-02 00:00:00,-21.34123,15.5888,EWSN,woody_seedlings,small_x4,Vachellia/Acacia reficiens,,,,,2.0
okar_6,C,2024-08-02 00:00:00,-21.34123,15.5888,EWSN,woody_seedlings,small_x4,Senegalia/Acacia mellifera,,,,,7.0
okar_6,C,2024-08-02 00:00:00,-21.34123,15.5888,EWSN,woody_seedlings,small_x4,Other microphyllous-leaved woody plants,,,,,3.0
okar_6,C,2024-08-02 00:00:00,-21.34123,15.5888,EWSN,woody_seedlings,small_x4,Other broad-leaved woody plants,,,,,4.0
ohak_1,C,2024-03-02 00:00:00,-20.74604,16.78402,east,short_plants,small_area,Other microphyllous-leaved woody plants,0.7,1.6,0.7,0.9,
ohak_1,C,2024-03-02 00:00:00,-20.74604,16.78402,east,short_plants,small_area,Other microphyllous-leaved woody plants,0.7,0.9,0.4,0.5,
ohak_1,C,2024-03-02 00:00:00,-20.74604,16.78402,east,short_plants,small_area,Other microphyllous-leaved woody plants,0.8,1.3,0.5,0.8,
ohak_1,C,2024-03-02 00:00:00,-20.74604,16.78402,east,short_plants,small_area,Other broad-leaved woody plants,1.2,0.6,0.3,0.3,
ohak_1,C,2024-03-02 00:00:00,-20.74604,16.78402,east,short_plants,small_area,Vachellia/Acacia reficiens,1.4,1.3,0.6,0.7,
ohak_1,C,2024-03-02 00:00:00,-20.74604,16.78402,south,short_plants,small_area,Senegalia/Acacia mellifera,1.7,0.7,0.5,0.2,
ohak_1,C,2024-03-02 00:00:00,-20.74604,16.78402,south,short_plants,small_area,Senegalia/Acacia mellifera,1.3,1.4,0.9,0.8,
ohak_1,C,2024-03-02 00:00:00,-20.74604,16.78402,south,short_plants,small_area,Other microphyllous-leaved woody plants,1.7,2.3,1.5,0.8,
ohak_1,C,2024-03-02 00:00:00,-20.74604,16.78402,south,short_plants,small_area,Other microphyllous-leaved woody plants,0.7,1.3,0.5,0.8,
ohak_1,C,2024-03-02 00:00:00,-20.74604,16.78402,south,short_plants,small_area,Vachellia/Acacia reficiens,2.4,3.0,1.0,2.0,
ohak_1,C,2024-03-02 00:00:00,-20.74604,16.78402,south,short_plants,small_area,Vachellia/Acacia reficiens,2.5,1.4,0.8,0.6,
ohak_1,C,2024-03-02 00:00:00,-20.74604,16.78402,south,short_plants,small_area,Other microphyllous-leaved woody plants,1.4,1.7,0.7,1.0,
ohak_1,C,2024-03-02 00:00:00,-20.74604,16.78402,north,short_plants,small_area,Other microphyllous-leaved woody plants,1.1,1.8,1.0,0.8,
ohak_1,C,2024-03-02 00:00:00,-20.74604,16.78402,north,short_plants,small_area,Vachellia/Acacia reficiens,2.0,1.9,1.1,0.8,
ohak_1,C,2024-03-02 00:00:00,-20.74604,16.78402,north,short_plants,small_area,Other broad-leaved woody plants,1.5,2.2,0.5,1.7,
ohak_1,C,2024-03-02 00:00:00,-20.74604,16.78402,north,tall_plants,large_area,Vachellia/Acacia reficiens,1.7,2.4,1.4,1.0,
ohak_1,C,2024-03-02 00:00:00,-20.74604,16.78402,east,tall_plants,large_area,Terminalia sericea,3.5,4.0,2.0,2.0,
ohak_1,C,2024-03-02 00:00:00,-20.74604,16.78402,east,tall_plants,large_area,Terminalia sericea,2.9,1.9,1.4,0.5,
ohak_1,C,2024-03-02 00:00:00,-20.74604,16.78402,east,tall_plants,large_area,Terminalia sericea,4.3,5.4,3.0,2.4,
ohak_1,C,2024-03-02 00:00:00,-20.74604,16.78402,south,tall_plants,large_area,Terminalia sericea,2.8,3.2,1.5,1.7,
ohak_1,C,2024-03-02 00:00:00,-20.74604,16.78402,south,tall_plants,large_area,Vachellia/Acacia reficiens,3.4,4.1,2.0,2.1,
ohak_1,C,2024-03-02 00:00:00,-20.74604,16.78402,south,tall_plants,large_area,Vachellia/Acacia reficiens,3.0,2.0,1.0,1.0,
ohak_1,C,2024-03-02 00:00:00,-20.74604,16.78402,north,short_plants,small_area,Vachellia/Acacia reficiens,1.7,2.0,1.4,1.0,
ohak_1,C,2024-03-02 00:00:00,-20.74604,16.78402,west,short_plants,small_area,Vachellia/Acacia reficiens,1.6,0.6,0.4,0.2,
ohak_1,C,2024-03-02 00:00:00,-20.74604,16.78402,west,short_plants,small_area,Other microphyllous-leaved woody plants,1.8,0.8,0.5,0.3,
ohak_1,C,2024-03-02 00:00:00,-20.74604,16.78402,west,short_plants,small_area,Other microphyllous-leaved woody plants,0.7,1.2,0.5,0.7,
ohak_1,C,2024-03-02 00:00:00,-20.74604,16.78402,EWSN,woody_seedlings,small_x4,Terminalia sericea,,,,,8.0
ohak_1,C,2024-03-02 00:00:00,-20.74604,16.78402,EWSN,woody_seedlings,small_x4,Vachellia/Acacia reficiens,,,,,10.0
ohak_1,C,2024-03-02 00:00:00,-20.74604,16.78402,EWSN,woody_seedlings,small_x4,Senegalia/Acacia mellifera,,,,,4.0
ohak_1,C,2024-03-02 00:00:00,-20.74604,16.78402,EWSN,woody_seedlings,small_x4,Other microphyllous-leaved woody plants,,,,,12.0
ohak_1,C,2024-03-02 00:00:00,-20.74604,16.78402,EWSN,woody_seedlings,small_x4,Other broad-leaved woody plants,,,,,2.0
ohak_2,C,2024-03-02 00:00:00,-20.74536,16.7911,west,short_plants,small_area,Vachellia/Acacia reficiens,1.0,1.4,0.6,0.8,
ohak_2,C,2024-03-02 00:00:00,-20.74536,16.7911,north,short_plants,small_area,Vachellia/Acacia reficiens,1.0,1.1,0.7,0.4,
ohak_2,C,2024-03-02 00:00:00,-20.74536,16.7911,north,short_plants,small_area,Vachellia/Acacia reficiens,0.5,0.5,0.2,0.3,
ohak_2,C,2024-03-02 00:00:00,-20.74536,16.7911,north,short_plants,small_area,Other microphyllous-leaved woody plants,2.5,2.8,2.0,0.8,
ohak_2,C,2024-03-02 00:00:00,-20.74536,16.7911,north,short_plants,small_area,Terminalia sericea,1.7,0.6,0.3,0.3,
ohak_2,C,2024-03-02 00:00:00,-20.74536,16.7911,north,short_plants,small_area,Other broad-leaved woody plants,0.8,0.7,0.5,0.3,
ohak_2,C,2024-03-02 00:00:00,-20.74536,16.7911,south,short_plants,small_area,Other broad-leaved woody plants,1.1,0.7,0.4,0.3,
ohak_2,C,2024-03-02 00:00:00,-20.74536,16.7911,south,short_plants,small_area,Senegalia/Acacia mellifera,1.2,0.8,0.5,0.3,
ohak_2,C,2024-03-02 00:00:00,-20.74536,16.7911,south,short_plants,small_area,Senegalia/Acacia mellifera,2.3,1.5,0.8,0.7,
ohak_2,C,2024-03-02 00:00:00,-20.74536,16.7911,east,short_plants,small_area,Vachellia/Acacia reficiens,1.5,1.2,0.7,0.5,
ohak_2,C,2024-03-02 00:00:00,-20.74536,16.7911,east,short_plants,small_area,Other broad-leaved woody plants,2.4,2.2,0.8,1.4,
ohak_2,C,2024-03-02 00:00:00,-20.74536,16.7911,east,short_plants,small_area,Vachellia/Acacia reficiens,1.5,1.5,0.7,0.8,
ohak_2,C,2024-03-02 00:00:00,-20.74536,16.7911,east,short_plants,small_area,Vachellia/Acacia reficiens,2.2,2.2,1.2,1.0,
ohak_2,C,2024-03-02 00:00:00,-20.74536,16.7911,east,short_plants,small_area,Vachellia/Acacia reficiens,1.5,2.9,1.5,0.4,
ohak_2,C,2024-03-02 00:00:00,-20.74536,16.7911,east,short_plants,small_area,Other microphyllous-leaved woody plants,1.8,2.1,1.3,0.8,
ohak_2,C,2024-03-02 00:00:00,-20.74536,16.7911,west,tall_plants,large_area,Vachellia/Acacia reficiens,6.0,7.0,4.0,3.0,
ohak_2,C,2024-03-02 00:00:00,-20.74536,16.7911,west,tall_plants,large_area,Other microphyllous-leaved woody plants,2.7,1.8,0.8,1.0,
ohak_2,C,2024-03-02 00:00:00,-20.74536,16.7911,north,tall_plants,large_area,Other microphyllous-leaved woody plants,3.5,2.1,1.8,1.3,
ohak_2,C,2024-03-02 00:00:00,-20.74536,16.7911,north,tall_plants,large_area,Other broad-leaved woody plants,3.7,2.4,1.4,1.0,
ohak_2,C,2024-03-02 00:00:00,-20.74536,16.7911,north,tall_plants,large_area,Other broad-leaved woody plants,2.6,2.4,1.3,1.1,
ohak_2,C,2024-03-02 00:00:00,-20.74536,16.7911,north,tall_plants,large_area,Other broad-leaved woody plants,3.8,4.3,2.0,2.3,
ohak_2,C,2024-03-02 00:00:00,-20.74536,16.7911,north,tall_plants,large_area,Vachellia/Acacia reficiens,4.2,3.9,2.1,1.8,
ohak_2,C,2024-03-02 00:00:00,-20.74536,16.7911,north,tall_plants,large_area,Vachellia/Acacia reficiens,4.6,3.4,2.0,1.4,
ohak_2,C,2024-03-02 00:00:00,-20.74536,16.7911,north,tall_plants,large_area,Vachellia/Acacia reficiens,3.5,2.7,1.2,1.5,
ohak_2,C,2024-03-02 00:00:00,-20.74536,16.7911,south,tall_plants,large_area,Senegalia/Acacia mellifera,3.1,2.3,1.0,1.3,
ohak_2,C,2024-03-02 00:00:00,-20.74536,16.7911,east ,tall_plants,large_area,Other broad-leaved woody plants,3.0,4.1,1.8,2.3,
ohak_2,C,2024-03-02 00:00:00,-20.74536,16.7911,east ,tall_plants,large_area,Other broad-leaved woody plants,2.6,3.1,0.8,2.3,
ohak_2,C,2024-03-02 00:00:00,-20.74536,16.7911,east ,tall_plants,large_area,Other broad-leaved woody plants,3.0,2.1,1.5,0.6,
ohak_2,C,2024-03-02 00:00:00,-20.74536,16.7911,east ,short_plants,small_area,Vachellia/Acacia reficiens,3.0,3.3,1.3,2.0,
ohak_2,C,2024-03-02 00:00:00,-20.74536,16.7911,east ,short_plants,small_area,Senegalia/Acacia mellifera,4.0,4.4,2.1,2.3,
ohak_2,C,2024-03-02 00:00:00,-20.74536,16.7911,east ,short_plants,small_area,Vachellia/Acacia reficiens,3.3,3.8,1.8,2.0,
ohak_2,C,2024-03-02 00:00:00,-20.74536,16.7911,east ,short_plants,small_area,Other broad-leaved woody plants,3.2,1.1,0.5,0.6,
ohak_2,C,2024-03-02 00:00:00,-20.74536,16.7911,EWSN,woody_seedlings,small_x4,Terminalia sericea,,,,,12.0
ohak_2,C,2024-03-02 00:00:00,-20.74536,16.7911,EWSN,woody_seedlings,small_x4,Vachellia/Acacia reficiens,,,,,0.0
ohak_2,C,2024-03-02 00:00:00,-20.74536,16.7911,EWSN,woody_seedlings,small_x4,Senegalia/Acacia mellifera,,,,,14.0
ohak_2,C,2024-03-02 00:00:00,-20.74536,16.7911,EWSN,woody_seedlings,small_x4,Other microphyllous-leaved woody plants,,,,,9.0
ohak_2,C,2024-03-02 00:00:00,-20.74536,16.7911,EWSN,woody_seedlings,small_x4,Other broad-leaved woody plants,,,,,7.0
ohak_3,C,2024-03-02 00:00:00,-20.75942,16.80391,north,short_plants,small_area,Vachellia/Acacia reficiens,1.7,2.4,1.4,1.0,
ohak_3,C,2024-03-02 00:00:00,-20.75942,16.80391,west,short_plants,small_area,Vachellia/Acacia reficiens,1.6,0.6,0.4,0.2,
ohak_3,C,2024-03-02 00:00:00,-20.75942,16.80391,west,short_plants,small_area,Other microphyllous-leaved woody plants,1.8,0.8,0.5,0.3,
ohak_3,C,2024-03-02 00:00:00,-20.75942,16.80391,west,short_plants,small_area,Other microphyllous-leaved woody plants,0.7,1.2,0.5,0.7,
ohak_3,C,2024-03-02 00:00:00,-20.75942,16.80391,east,short_plants,small_area,Vachellia/Acacia reficiens,1.8,1.2,0.7,0.5,
ohak_3,C,2024-03-02 00:00:00,-20.75942,16.80391,east,short_plants,small_area,Vachellia/Acacia reficiens,1.7,1.5,0.8,0.7,
ohak_3,C,2024-03-02 00:00:00,-20.75942,16.80391,east,short_plants,small_area,Other microphyllous-leaved woody plants,1.4,1.3,0.9,0.4,
ohak_3,C,2024-03-02 00:00:00,-20.75942,16.80391,east,short_plants,small_area,Senegalia/Acacia mellifera,2.0,4.0,1.5,2.5,
ohak_3,C,2024-03-02 00:00:00,-20.75942,16.80391,east,short_plants,small_area,Other microphyllous-leaved woody plants,1.9,2.8,2.0,0.4,
ohak_3,C,2024-03-02 00:00:00,-20.75942,16.80391,east,short_plants,small_area,Other microphyllous-leaved woody plants,1.1,1.8,0.8,1.0,
ohak_3,C,2024-03-02 00:00:00,-20.75942,16.80391,west,short_plants,small_area,Senegalia/Acacia mellifera,1.0,1.2,0.7,0.5,
ohak_3,C,2024-03-02 00:00:00,-20.75942,16.80391,west,short_plants,small_area,Senegalia/Acacia mellifera,0.8,1.4,0.6,0.8,
ohak_3,C,2024-03-02 00:00:00,-20.75942,16.80391,west,short_plants,small_area,Senegalia/Acacia mellifera,0.6,1.3,0.6,0.7,
ohak_3,C,2024-03-02 00:00:00,-20.75942,16.80391,south,short_plants,small_area,Other microphyllous-leaved woody plants,1.1,2.8,1.3,1.5,
ohak_3,C,2024-03-02 00:00:00,-20.75942,16.80391,south,short_plants,small_area,Other microphyllous-leaved woody plants,1.8,2.3,1.2,1.1,
ohak_3,C,2024-03-02 00:00:00,-20.75942,16.80391,north,short_plants,small_area,Vachellia/Acacia reficiens,0.5,1.0,0.6,0.4,
ohak_3,C,2024-03-02 00:00:00,-20.75942,16.80391,east,tall_plants,large_area,Senegalia/Acacia mellifera,2.3,5.0,2.2,2.8,
ohak_3,C,2024-03-02 00:00:00,-20.75942,16.80391,south,tall_plants,large_area,Vachellia/Acacia reficiens,3.0,2.8,1.5,1.3,
ohak_3,C,2024-03-02 00:00:00,-20.75942,16.80391,south,tall_plants,large_area,Vachellia/Acacia reficiens,2.7,2.1,0.9,1.2,
ohak_3,C,2024-03-02 00:00:00,-20.75942,16.80391,EWSN,woody_seedlings,small_x4,Terminalia sericea,,,,,8.0
ohak_3,C,2024-03-02 00:00:00,-20.75942,16.80391,EWSN,woody_seedlings,small_x4,Vachellia/Acacia reficiens,,,,,3.0
ohak_3,C,2024-03-02 00:00:00,-20.75942,16.80391,EWSN,woody_seedlings,small_x4,Senegalia/Acacia mellifera,,,,,6.0
ohak_3,C,2024-03-02 00:00:00,-20.75942,16.80391,EWSN,woody_seedlings,small_x4,Other microphyllous-leaved woody plants,,,,,3.0
ohak_3,C,2024-03-02 00:00:00,-20.75942,16.80391,EWSN,woody_seedlings,small_x4,Other broad-leaved woody plants,,,,,4.0
sude_1,C,2024-03-07 00:00:00,-25.64045,17.29546,north,short_plants,small_area,Other microphyllous-leaved woody plants,1.7,1.1,2.3,1.8,
sude_1,C,2024-03-07 00:00:00,-25.64045,17.29546,north,short_plants,small_area,Senegalia/Acacia mellifera,1.5,1.0,2.0,1.6,
sude_1,C,2024-03-07 00:00:00,-25.64045,17.29546,north,short_plants,small_area,Senegalia/Acacia mellifera,1.4,0.8,1.6,1.4,
sude_1,C,2024-03-07 00:00:00,-25.64045,17.29546,EWSN,woody_seedlings,small_x4,Terminalia sericea,,,,,0.0
sude_1,C,2024-03-07 00:00:00,-25.64045,17.29546,EWSN,woody_seedlings,small_x4,Vachellia/Acacia reficiens,,,,,0.0
sude_1,C,2024-03-07 00:00:00,-25.64045,17.29546,EWSN,woody_seedlings,small_x4,Senegalia/Acacia mellifera,,,,,0.0
sude_1,C,2024-03-07 00:00:00,-25.64045,17.29546,EWSN,woody_seedlings,small_x4,Other microphyllous-leaved woody plants,,,,,0.0
sude_1,C,2024-03-07 00:00:00,-25.64045,17.29546,EWSN,woody_seedlings,small_x4,Other broad-leaved woody plants,,,,,0.0
sude_2,C,2024-03-06 00:00:00,-25.6939,17.25251,east,short_plants,small_area,Other microphyllous-leaved woody plants,1.6,0.8,2.7,1.3,
sude_2,C,2024-03-06 00:00:00,-25.6939,17.25251,west,short_plants,small_area,Other microphyllous-leaved woody plants,2.2,1.4,3.2,2.6,
sude_2,C,2024-03-06 00:00:00,-25.6939,17.25251,north,tall_plants,large_area,Other microphyllous-leaved woody plants,3.6,2.1,5.8,4.6,
sude_2,C,2024-03-06 00:00:00,-25.6939,17.25251,south,tall_plants,large_area,Other microphyllous-leaved woody plants,2.6,1.7,2.1,1.6,
sude_2,C,2024-03-06 00:00:00,-25.6939,17.25251,south,tall_plants,large_area,Other microphyllous-leaved woody plants,3.5,2.0,6.0,5.1,
sude_2,C,2024-03-06 00:00:00,-25.6939,17.25251,EWSN,woody_seedlings,small_x4,Terminalia sericea,,,,,0.0
sude_2,C,2024-03-06 00:00:00,-25.6939,17.25251,EWSN,woody_seedlings,small_x4,Vachellia/Acacia reficiens,,,,,0.0
sude_2,C,2024-03-06 00:00:00,-25.6939,17.25251,EWSN,woody_seedlings,small_x4,Senegalia/Acacia mellifera,,,,,0.0
sude_2,C,2024-03-06 00:00:00,-25.6939,17.25251,EWSN,woody_seedlings,small_x4,Other microphyllous-leaved woody plants,,,,,0.0
sude_2,C,2024-03-06 00:00:00,-25.6939,17.25251,EWSN,woody_seedlings,small_x4,Other broad-leaved woody plants,,,,,0.0
sude_3,C,2024-03-07 00:00:00,-25.6674,17.28843,east,short_plants,small_area,Other microphyllous-leaved woody plants,1.6,1.2,1.8,1.2,
sude_3,C,2024-03-07 00:00:00,-25.6674,17.28843,EWSN,woody_seedlings,small_x4,Terminalia sericea,,,,,0.0
sude_3,C,2024-03-07 00:00:00,-25.6674,17.28843,EWSN,woody_seedlings,small_x4,Vachellia/Acacia reficiens,,,,,0.0
sude_3,C,2024-03-07 00:00:00,-25.6674,17.28843,EWSN,woody_seedlings,small_x4,Senegalia/Acacia mellifera,,,,,0.0
sude_3,C,2024-03-07 00:00:00,-25.6674,17.28843,EWSN,woody_seedlings,small_x4,Other microphyllous-leaved woody plants,,,,,0.0
sude_3,C,2024-03-07 00:00:00,-25.6674,17.28843,EWSN,woody_seedlings,small_x4,Other broad-leaved woody plants,,,,,0.0
neud_1,C,2024-02-10 00:00:00,-22.4973,17.329,south,short_plants,small_area,Other broad-leaved woody plants,0.1,,,,
neud_1,C,2024-02-10 00:00:00,-22.4973,17.329,south,short_plants,small_area,Senegalia/Acacia mellifera,0.5,0.4,0.9,0.8,
neud_1,C,2024-02-10 00:00:00,-22.4973,17.329,south,short_plants,small_area,Senegalia/Acacia mellifera,0.3,,,,
neud_1,C,2024-02-10 00:00:00,-22.4973,17.329,south,short_plants,small_area,Senegalia/Acacia mellifera,0.5,0.6,1.0,1.1,
neud_1,C,2024-02-10 00:00:00,-22.4973,17.329,north,short_plants,small_area,Senegalia/Acacia mellifera,1.1,0.6,1.7,1.6,
neud_1,C,2024-02-10 00:00:00,-22.4973,17.329,north,short_plants,small_area,Other broad-leaved woody plants,1.2,,,,
neud_1,C,2024-02-10 00:00:00,-22.4973,17.329,north,short_plants,small_area,Other broad-leaved woody plants,1.25,0.6,1.3,1.5,
neud_1,C,2024-02-10 00:00:00,-22.4973,17.329,north,short_plants,small_area,Other broad-leaved woody plants,1.8,0.4,1.5,1.5,
neud_1,C,2024-02-10 00:00:00,-22.4973,17.329,north,short_plants,small_area,Other broad-leaved woody plants,1.6,0.8,1.4,1.0,
neud_1,C,2024-02-10 00:00:00,-22.4973,17.329,north,short_plants,small_area,Other broad-leaved woody plants,0.9,0.5,0.9,1.3,
neud_1,C,2024-02-10 00:00:00,-22.4973,17.329,north,short_plants,small_area,Other broad-leaved woody plants,0.2,,,,
neud_1,C,2024-02-10 00:00:00,-22.4973,17.329,north,short_plants,small_area,Other broad-leaved woody plants,1.1,0.5,1.2,1.6,
neud_1,C,2024-02-10 00:00:00,-22.4973,17.329,north,short_plants,small_area,Senegalia/Acacia mellifera,1.0,0.6,1.3,1.2,
neud_1,C,2024-02-10 00:00:00,-22.4973,17.329,north,short_plants,small_area,Other broad-leaved woody plants,0.3,,,,
neud_1,C,2024-02-10 00:00:00,-22.4973,17.329,north,short_plants,small_area,Senegalia/Acacia mellifera,1.1,1.1,0.5,1.1,
neud_1,C,2024-02-10 00:00:00,-22.4973,17.329,south,short_plants,small_area,Other microphyllous-leaved woody plants,1.1,1.1,2.0,2.1,
neud_1,C,2024-02-10 00:00:00,-22.4973,17.329,south,short_plants,small_area,Other microphyllous-leaved woody plants,1.3,0.3,1.8,1.9,
neud_1,C,2024-02-10 00:00:00,-22.4973,17.329,south,short_plants,small_area,Other broad-leaved woody plants,1.0,1.6,1.2,1.3,
neud_1,C,2024-02-10 00:00:00,-22.4973,17.329,south,short_plants,small_area,Other broad-leaved woody plants,1.0,0.3,1.1,0.9,
neud_1,C,2024-02-10 00:00:00,-22.4973,17.329,south,short_plants,small_area,Other broad-leaved woody plants,0.2,,,,
neud_1,C,2024-02-10 00:00:00,-22.4973,17.329,south,short_plants,small_area,Senegalia/Acacia mellifera,1.3,0.6,1.2,1.5,
neud_1,C,2024-02-10 00:00:00,-22.4973,17.329,north,short_plants,small_area,Other broad-leaved woody plants,0.3,,,,
neud_1,C,2024-02-10 00:00:00,-22.4973,17.329,north,short_plants,small_area,Other broad-leaved woody plants,0.4,,,,
neud_1,C,2024-02-10 00:00:00,-22.4973,17.329,north,short_plants,small_area,Senegalia/Acacia mellifera,0.5,0.5,0.8,0.7,
neud_1,C,2024-02-10 00:00:00,-22.4973,17.329,north,short_plants,small_area,Senegalia/Acacia mellifera,1.0,0.62,1.2,1.33,
neud_1,C,2024-02-10 00:00:00,-22.4973,17.329,north,short_plants,small_area,Senegalia/Acacia mellifera,0.63,0.63,1.3,0.9,
neud_1,C,2024-02-10 00:00:00,-22.4973,17.329,north,short_plants,small_area,Senegalia/Acacia mellifera,0.9,0.4,1.2,1.4,
neud_1,C,2024-02-10 00:00:00,-22.4973,17.329,north,short_plants,small_area,Senegalia/Acacia mellifera,1.1,0.4,1.1,1.2,
neud_1,C,2024-02-10 00:00:00,-22.4973,17.329,north,short_plants,small_area,Senegalia/Acacia mellifera,0.6,0.5,1.0,1.2,
neud_1,C,2024-02-10 00:00:00,-22.4973,17.329,north,short_plants,small_area,Senegalia/Acacia mellifera,0.3,,,,
neud_1,C,2024-02-10 00:00:00,-22.4973,17.329,north,short_plants,small_area,Senegalia/Acacia mellifera,0.4,,,,
neud_1,C,2024-02-10 00:00:00,-22.4973,17.329,south,short_plants,small_area,Senegalia/Acacia mellifera,0.4,,,,
neud_1,C,2024-02-10 00:00:00,-22.4973,17.329,south,short_plants,small_area,Senegalia/Acacia mellifera,0.6,0.4,0.8,0.6,
neud_1,C,2024-02-10 00:00:00,-22.4973,17.329,south,short_plants,small_area,Other broad-leaved woody plants,0.2,,,,
neud_1,C,2024-02-10 00:00:00,-22.4973,17.329,south,short_plants,small_area,Senegalia/Acacia mellifera,1.5,0.65,1.5,1.1,
neud_1,C,2024-02-10 00:00:00,-22.4973,17.329,south,short_plants,small_area,Other broad-leaved woody plants,0.5,0.5,1.0,0.9,
neud_1,C,2024-02-10 00:00:00,-22.4973,17.329,west,short_plants,small_area,Senegalia/Acacia mellifera,0.7,0.2,0.7,0.8,
neud_1,C,2024-02-10 00:00:00,-22.4973,17.329,west,short_plants,small_area,Other broad-leaved woody plants,0.2,,,,
neud_1,C,2024-02-10 00:00:00,-22.4973,17.329,west,short_plants,small_area,Other broad-leaved woody plants,0.4,,,,
neud_1,C,2024-02-10 00:00:00,-22.4973,17.329,west,short_plants,small_area,Vachellia/Acacia reficiens,0.7,0.8,2.2,2.4,
neud_1,C,2024-02-10 00:00:00,-22.4973,17.329,west,short_plants,small_area,Senegalia/Acacia mellifera,1.0,0.5,1.5,1.6,
neud_1,C,2024-02-10 00:00:00,-22.4973,17.329,west,short_plants,small_area,Senegalia/Acacia mellifera,1.1,0.7,1.2,1.2,
neud_1,C,2024-02-10 00:00:00,-22.4973,17.329,west,short_plants,small_area,Senegalia/Acacia mellifera,0.8,0.3,0.9,,
neud_1,C,2024-02-10 00:00:00,-22.4973,17.329,west,short_plants,small_area,Senegalia/Acacia mellifera,0.7,0.3,0.9,1.0,
neud_1,C,2024-02-10 00:00:00,-22.4973,17.329,west,short_plants,small_area,Senegalia/Acacia mellifera,0.9,0.7,1.1,1.1,
neud_1,C,2024-02-10 00:00:00,-22.4973,17.329,west,short_plants,small_area,Senegalia/Acacia mellifera,0.9,0.6,1.1,1.1,
neud_1,C,2024-02-10 00:00:00,-22.4973,17.329,west,short_plants,small_area,Other broad-leaved woody plants,0.3,,,,
neud_1,C,2024-02-10 00:00:00,-22.4973,17.329,west,short_plants,small_area,Other broad-leaved woody plants,0.2,,,,
neud_1,C,2024-02-10 00:00:00,-22.4973,17.329,west,short_plants,small_area,Other broad-leaved woody plants,0.2,,,,
neud_1,C,2024-02-10 00:00:00,-22.4973,17.329,east,short_plants,small_area,Senegalia/Acacia mellifera,1.2,0.7,1.4,1.4,
neud_1,C,2024-02-10 00:00:00,-22.4973,17.329,east,short_plants,small_area,Senegalia/Acacia mellifera,1.0,0.7,1.3,1.5,
neud_1,C,2024-02-10 00:00:00,-22.4973,17.329,east,short_plants,small_area,Senegalia/Acacia mellifera,1.0,0.5,1.3,1.5,
neud_1,C,2024-02-10 00:00:00,-22.4973,17.329,east,short_plants,small_area,Senegalia/Acacia mellifera,1.0,0.4,1.5,1.1,
neud_1,C,2024-02-10 00:00:00,-22.4973,17.329,east,short_plants,small_area,Senegalia/Acacia mellifera,0.8,0.4,0.9,0.9,
neud_1,C,2024-02-10 00:00:00,-22.4973,17.329,east,short_plants,small_area,Senegalia/Acacia mellifera,1.2,0.6,1.8,1.5,
neud_1,C,2024-02-10 00:00:00,-22.4973,17.329,east,short_plants,small_area,Other broad-leaved woody plants,0.2,,,,
neud_1,C,2024-02-10 00:00:00,-22.4973,17.329,east,short_plants,small_area,Other broad-leaved woody plants,0.2,,,,
neud_1,C,2024-02-10 00:00:00,-22.4973,17.329,east,short_plants,small_area,Other broad-leaved woody plants,0.2,,,,
neud_1,C,2024-02-10 00:00:00,-22.4973,17.329,east,short_plants,small_area,Senegalia/Acacia mellifera,0.6,0.1,0.7,0.6,
neud_1,C,2024-02-10 00:00:00,-22.4973,17.329,east,short_plants,small_area,Senegalia/Acacia mellifera,0.2,,,,
neud_1,C,2024-02-10 00:00:00,-22.4973,17.329,east,short_plants,small_area,Other broad-leaved woody plants,0.3,,,,
neud_1,C,2024-02-10 00:00:00,-22.4973,17.329,east,short_plants,small_area,Senegalia/Acacia mellifera,0.7,0.3,0.9,0.7,
neud_1,C,2024-02-10 00:00:00,-22.4973,17.329,east,short_plants,small_area,Other broad-leaved woody plants,0.2,,,,
neud_1,C,2024-02-10 00:00:00,-22.4973,17.329,east,short_plants,small_area,Other broad-leaved woody plants,0.3,,,,
neud_1,C,2024-02-10 00:00:00,-22.4973,17.329,east,short_plants,small_area,Other microphyllous-leaved woody plants,0.9,0.9,1.9,1.9,
neud_1,C,2024-02-10 00:00:00,-22.4973,17.329,east,short_plants,small_area,Senegalia/Acacia mellifera,0.4,,,,
neud_1,C,2024-02-10 00:00:00,-22.4973,17.329,east,short_plants,small_area,Senegalia/Acacia mellifera,0.7,0.2,0.9,0.7,
neud_1,C,2024-02-10 00:00:00,-22.4973,17.329,east,short_plants,small_area,Senegalia/Acacia mellifera,1.0,0.3,1.3,1.3,
neud_1,C,2024-02-10 00:00:00,-22.4973,17.329,east,short_plants,small_area,Other broad-leaved woody plants,0.2,,,,
neud_1,C,2024-02-10 00:00:00,-22.4973,17.329,east,short_plants,small_area,Other microphyllous-leaved woody plants,0.2,,,,
neud_1,C,2024-02-10 00:00:00,-22.4973,17.3290000000001,east,short_plants,small_area,Senegalia/Acacia mellifera,0.6,0.3,1.0,0.8,
neud_1,C,2024-02-10 00:00:00,-22.4973,17.3290000000001,east,short_plants,small_area,Senegalia/Acacia mellifera,0.4,,,,
neud_1,C,2024-02-10 00:00:00,-22.4973,17.3290000000001,west,short_plants,small_area,Senegalia/Acacia mellifera,0.6,0.3,0.8,0.8,
neud_1,C,2024-02-10 00:00:00,-22.4973,17.3290000000001,west,short_plants,small_area,Senegalia/Acacia mellifera,0.5,0.2,1.0,0.7,
neud_1,C,2024-02-10 00:00:00,-22.4973,17.3290000000001,west,short_plants,small_area,Other microphyllous-leaved woody plants,0.3,,,,
neud_1,C,2024-02-10 00:00:00,-22.4973,17.3290000000001,west,short_plants,small_area,Senegalia/Acacia mellifera,0.7,0.3,0.8,0.7,
neud_1,C,2024-02-10 00:00:00,-22.4973,17.3290000000001,west,short_plants,small_area,Senegalia/Acacia mellifera,0.6,0.3,1.0,1.0,
neud_1,C,2024-02-10 00:00:00,-22.4973,17.3290000000001,EWSN,woody_seedlings,small_x4,Terminalia sericea,,,,,0.0
neud_1,C,2024-02-10 00:00:00,-22.4973,17.3290000000001,EWSN,woody_seedlings,small_x4,Vachellia/Acacia reficiens,,,,,0.0
neud_1,C,2024-02-10 00:00:00,-22.4973,17.3290000000001,EWSN,woody_seedlings,small_x4,Senegalia/Acacia mellifera,,,,,7.0
neud_1,C,2024-02-10 00:00:00,-22.4973,17.3290000000001,EWSN,woody_seedlings,small_x4,Other microphyllous-leaved woody plants,,,,,2.0
neud_1,C,2024-02-10 00:00:00,-22.4973,17.3290000000001,EWSN,woody_seedlings,small_x4,Other broad-leaved woody plants,,,,,20.0
neud_2,C,13/02/2024,-22.5093,17.352,north,short_plants,small_area,Vachellia/Acacia reficiens,0.7,0.2,1.6,1.2,
neud_2,C,13/02/2024,-22.5093,17.352,north,short_plants,small_area,Senegalia/Acacia mellifera,0.6,0.4,0.9,1.0,
neud_2,C,13/02/2024,-22.5093,17.352,north,short_plants,small_area,Senegalia/Acacia mellifera,0.4,,,,
neud_2,C,13/02/2024,-22.5093,17.352,north,short_plants,small_area,Senegalia/Acacia mellifera,0.7,0.2,1.2,1.2,
neud_2,C,13/02/2024,-22.5093,17.352,south,short_plants,small_area,Other microphyllous-leaved woody plants,1.0,0.2,2.4,2.7,
neud_2,C,13/02/2024,-22.5093,17.352,south,short_plants,small_area,Vachellia/Acacia reficiens,0.8,0.2,3.4,3.3,
neud_2,C,13/02/2024,-22.5093,17.352,south,short_plants,small_area,Other microphyllous-leaved woody plants,0.4,,,,
neud_2,C,13/02/2024,-22.5093,17.352,south,short_plants,small_area,Senegalia/Acacia mellifera,0.3,,,,
neud_2,C,13/02/2024,-22.5093,17.352,south,short_plants,small_area,Vachellia/Acacia reficiens,1.3,0.4,2.7,1.1,
neud_2,C,13/02/2024,-22.5093,17.352,south,short_plants,small_area,Senegalia/Acacia mellifera,0.3,,,,
neud_2,C,13/02/2024,-22.5093,17.352,south,short_plants,small_area,Senegalia/Acacia mellifera,0.4,,,,
neud_2,C,13/02/2024,-22.5093,17.352,south,short_plants,small_area,Other microphyllous-leaved woody plants,0.5,0.2,1.4,1.0,
neud_2,C,13/02/2024,-22.5093,17.352,south,short_plants,small_area,Other microphyllous-leaved woody plants,0.5,0.4,0.4,0.3,
neud_2,C,13/02/2024,-22.5093,17.352,south,short_plants,small_area,Senegalia/Acacia mellifera,0.4,,,,
neud_2,C,13/02/2024,-22.5093,17.352,south,short_plants,small_area,Other microphyllous-leaved woody plants,0.6,0.4,1.2,1.1,
neud_2,C,13/02/2024,-22.5093,17.352,south,short_plants,small_area,Senegalia/Acacia mellifera,0.4,,,,
neud_2,C,13/02/2024,-22.5093,17.352,north,short_plants,small_area,Senegalia/Acacia mellifera,0.1,,,,
neud_2,C,13/02/2024,-22.5093,17.352,north,short_plants,small_area,Senegalia/Acacia mellifera,0.2,,,,
neud_2,C,13/02/2024,-22.5093,17.352,north,short_plants,small_area,Senegalia/Acacia mellifera,0.6,0.4,1.2,1.4,
neud_2,C,13/02/2024,-22.5093,17.352,north,short_plants,small_area,Other microphyllous-leaved woody plants,0.4,,,,
neud_2,C,13/02/2024,-22.5093,17.352,north,short_plants,small_area,Other microphyllous-leaved woody plants,0.4,,,,
neud_2,C,13/02/2024,-22.5093,17.352,north,short_plants,small_area,Other microphyllous-leaved woody plants,0.4,,,,
neud_2,C,13/02/2024,-22.5093,17.352,north,short_plants,small_area,Other microphyllous-leaved woody plants,0.6,0.2,0.7,0.7,
neud_2,C,13/02/2024,-22.5093,17.352,north,short_plants,small_area,Other microphyllous-leaved woody plants,0.5,0.2,0.9,0.7,
neud_2,C,13/02/2024,-22.5093,17.352,north,short_plants,small_area,Other microphyllous-leaved woody plants,0.5,0.1,0.6,0.5,
neud_2,C,13/02/2024,-22.5093,17.352,north,short_plants,small_area,Other microphyllous-leaved woody plants,0.3,,,,
neud_2,C,13/02/2024,-22.5093,17.352,north,short_plants,small_area,Vachellia/Acacia reficiens,1.0,0.4,3.4,1.6,
neud_2,C,13/02/2024,-22.5093,17.352,north,short_plants,small_area,Other microphyllous-leaved woody plants,0.6,0.4,0.2,0.4,
neud_2,C,13/02/2024,-22.5093,17.352,east,short_plants,small_area,Vachellia/Acacia reficiens,0.4,,,,
neud_2,C,13/02/2024,-22.5093,17.352,east,short_plants,small_area,Other broad-leaved woody plants,0.9,0.4,0.9,0.9,
neud_2,C,13/02/2024,-22.5093,17.352,west,short_plants,small_area,Vachellia/Acacia reficiens,0.4,,,,
neud_2,C,13/02/2024,-22.5093,17.352,west,short_plants,small_area,Vachellia/Acacia reficiens,0.7,0.7,1.1,0.8,
neud_2,C,13/02/2024,-22.5093,17.352,west,short_plants,small_area,Other broad-leaved woody plants,1.1,0.5,1.2,1.2,
neud_2,C,13/02/2024,-22.5093,17.352,west,short_plants,small_area,Other broad-leaved woody plants,0.3,,,,
neud_2,C,13/02/2024,-22.5093,17.352,west,short_plants,small_area,Other microphyllous-leaved woody plants,0.3,,,,
neud_2,C,13/02/2024,-22.5093,17.352,west,short_plants,small_area,Senegalia/Acacia mellifera,0.6,0.1,1.2,1.2,
neud_2,C,13/02/2024,-22.5093,17.352,west,short_plants,small_area,Other microphyllous-leaved woody plants,0.4,,,,
neud_2,C,13/02/2024,-22.5093,17.352,west,short_plants,small_area,Other microphyllous-leaved woody plants,0.4,,,,
neud_2,C,13/02/2024,-22.5093,17.352,west,short_plants,small_area,Other microphyllous-leaved woody plants,0.6,0.6,1.2,1.1,
neud_2,C,13/02/2024,-22.5093,17.352,west,short_plants,small_area,Other microphyllous-leaved woody plants,0.5,0.4,0.9,0.9,
neud_2,C,13/02/2024,-22.5093,17.352,west,short_plants,small_area,Senegalia/Acacia mellifera,0.7,0.4,1.6,1.8,
neud_2,C,13/02/2024,-22.5093,17.352,west,short_plants,small_area,Other broad-leaved woody plants,0.5,0.3,1.1,0.5,
neud_2,C,13/02/2024,-22.5093,17.352,east,short_plants,small_area,Vachellia/Acacia reficiens,0.7,0.3,0.8,0.8,
neud_2,C,13/02/2024,-22.5093,17.352,east,short_plants,small_area,Other microphyllous-leaved woody plants,0.6,0.3,0.7,0.6,
neud_2,C,13/02/2024,-22.5093,17.352,east,short_plants,small_area,Other microphyllous-leaved woody plants,1.3,0.2,2.9,2.0,
neud_2,C,13/02/2024,-22.5093,17.352,east,short_plants,small_area,Other microphyllous-leaved woody plants,0.1,,,,
neud_2,C,13/02/2024,-22.5093,17.352,east,short_plants,small_area,Other microphyllous-leaved woody plants,0.2,,,,
neud_2,C,13/02/2024,-22.5093,17.352,east,short_plants,small_area,Other microphyllous-leaved woody plants,0.4,,,,
neud_2,C,13/02/2024,-22.5093,17.352,east,short_plants,small_area,Other microphyllous-leaved woody plants,0.6,0.3,0.8,0.9,
neud_2,C,13/02/2024,-22.5093,17.352,east,short_plants,small_area,Other microphyllous-leaved woody plants,0.2,,,,
neud_2,C,13/02/2024,-22.5093,17.352,east,short_plants,small_area,Other microphyllous-leaved woody plants,,0.2,0.7,0.7,
neud_2,C,13/02/2024,-22.5093,17.352,east,short_plants,small_area,Senegalia/Acacia mellifera,0.4,,,,
neud_2,C,13/02/2024,-22.5093,17.352,east,short_plants,small_area,Senegalia/Acacia mellifera,0.4,,,,
neud_2,C,13/02/2024,-22.5093,17.352,east,short_plants,small_area,Other broad-leaved woody plants,1.0,0.5,0.8,0.8,
neud_2,C,13/02/2024,-22.5093,17.352,east,short_plants,small_area,Other broad-leaved woody plants,1.2,0.5,1.5,2.0,
neud_2,C,13/02/2024,-22.5093,17.352,west,short_plants,small_area,Other microphyllous-leaved woody plants,0.3,,,,
neud_2,C,13/02/2024,-22.5093,17.352,west,short_plants,small_area,Other microphyllous-leaved woody plants,1.4,0.4,1.2,3.1,
neud_2,C,13/02/2024,-22.5093,17.352,EWSN,woody_seedlings,small_x4,Terminalia sericea,,,,,0.0
neud_2,C,13/02/2024,-22.5093,17.352,EWSN,woody_seedlings,small_x4,Vachellia/Acacia reficiens,,,,,2.0
neud_2,C,13/02/2024,-22.5093,17.352,EWSN,woody_seedlings,small_x4,Senegalia/Acacia mellifera,,,,,8.0
neud_2,C,13/02/2024,-22.5093,17.352,EWSN,woody_seedlings,small_x4,Other microphyllous-leaved woody plants,,,,,13.0
neud_2,C,13/02/2024,-22.5093,17.352,EWSN,woody_seedlings,small_x4,Other broad-leaved woody plants,,,,,1.0
neud_3,C,2024-12-02 00:00:00,-22.4875,17.3304,north,short_plants,small_area,Senegalia/Acacia mellifera,0.08,,,,
neud_3,C,2024-12-02 00:00:00,-22.4875,17.3304,north,short_plants,small_area,Senegalia/Acacia mellifera,0.2,,,,
neud_3,C,2024-12-02 00:00:00,-22.4875,17.3304,north,short_plants,small_area,Senegalia/Acacia mellifera,0.9,0.4,0.6,1.0,
neud_3,C,2024-12-02 00:00:00,-22.4875,17.3304,north,short_plants,small_area,Senegalia/Acacia mellifera,0.8,0.7,1.4,1.2,
neud_3,C,2024-12-02 00:00:00,-22.4875,17.3304,north,short_plants,small_area,Senegalia/Acacia mellifera,0.9,0.5,1.3,1.4,
neud_3,C,2024-12-02 00:00:00,-22.4875,17.3304,north,short_plants,small_area,Senegalia/Acacia mellifera,0.7,0.7,1.0,0.9,
neud_3,C,2024-12-02 00:00:00,-22.4875,17.3304,north,short_plants,small_area,Senegalia/Acacia mellifera,1.3,0.8,1.2,1.3,
neud_3,C,2024-12-02 00:00:00,-22.4875,17.3304,north,short_plants,small_area,Senegalia/Acacia mellifera,0.8,0.4,0.8,0.6,
neud_3,C,2024-12-02 00:00:00,-22.4875,17.3304,north,short_plants,small_area,Senegalia/Acacia mellifera,1.0,0.5,1.5,1.1,
neud_3,C,2024-12-02 00:00:00,-22.4875,17.3304,north,short_plants,small_area,Senegalia/Acacia mellifera,0.8,0.3,1.1,1.0,
neud_3,C,2024-12-02 00:00:00,-22.4875,17.3304,north,short_plants,small_area,Senegalia/Acacia mellifera,0.4,,,,
neud_3,C,2024-12-02 00:00:00,-22.4875,17.3304,south,short_plants,small_area,Senegalia/Acacia mellifera,1.0,0.7,0.1,0.8,
neud_3,C,2024-12-02 00:00:00,-22.4875,17.3304,south,short_plants,small_area,Senegalia/Acacia mellifera,1.4,1.0,0.9,1.2,
neud_3,C,2024-12-02 00:00:00,-22.4875,17.3304,south,tall_plants,large_area,Senegalia/Acacia mellifera,3.4,1.8,4.0,5.0,
neud_3,C,2024-12-02 00:00:00,-22.4875,17.3304,south,tall_plants,large_area,Senegalia/Acacia mellifera,3.3,2.3,3.0,3.0,
neud_3,C,2024-12-02 00:00:00,-22.4875,17.3304,south,short_plants,small_area,Senegalia/Acacia mellifera,0.7,0.3,0.5,0.9,
neud_3,C,2024-12-02 00:00:00,-22.4875,17.3304,south,short_plants,small_area,Senegalia/Acacia mellifera,0.5,0.2,0.5,0.5,
neud_3,C,2024-12-02 00:00:00,-22.4875,17.3304,south,short_plants,small_area,Senegalia/Acacia mellifera,0.7,0.4,0.9,0.9,
neud_3,C,2024-12-02 00:00:00,-22.4875,17.3304,south,short_plants,small_area,Other broad-leaved woody plants,0.2,,,,
neud_3,C,2024-12-02 00:00:00,-22.4875,17.3304,south,short_plants,small_area,Senegalia/Acacia mellifera,0.3,,,,
neud_3,C,2024-12-02 00:00:00,-22.4875,17.3304,south,short_plants,small_area,Senegalia/Acacia mellifera,0.1,,,,
neud_3,C,2024-12-02 00:00:00,-22.4875,17.3304,south,short_plants,small_area,Senegalia/Acacia mellifera,0.1,,,,
neud_3,C,2024-12-02 00:00:00,-22.4875,17.3304,south,short_plants,small_area,Senegalia/Acacia mellifera,0.4,,,,
neud_3,C,2024-12-02 00:00:00,-22.4875,17.3304,south,short_plants,small_area,Other broad-leaved woody plants,1.4,0.8,1.1,1.0,
neud_3,C,2024-12-02 00:00:00,-22.4875,17.3304,south,short_plants,small_area,Other broad-leaved woody plants,1.6,0.6,1.8,1.8,
neud_3,C,2024-12-02 00:00:00,-22.4875,17.3304,south,short_plants,small_area,Senegalia/Acacia mellifera,0.3,,,,
neud_3,C,2024-12-02 00:00:00,-22.4875,17.3304,south,short_plants,small_area,Senegalia/Acacia mellifera,0.4,,,,
neud_3,C,2024-12-02 00:00:00,-22.4875,17.3304,south,short_plants,small_area,Senegalia/Acacia mellifera,0.6,0.7,0.2,0.9,
neud_3,C,2024-12-02 00:00:00,-22.4875,17.3304,north,short_plants,small_area,Senegalia/Acacia mellifera,0.3,,,,
neud_3,C,2024-12-02 00:00:00,-22.4875,17.3304,north,short_plants,small_area,Senegalia/Acacia mellifera,0.3,,,,
neud_3,C,2024-12-02 00:00:00,-22.4875,17.3304,north,short_plants,small_area,Senegalia/Acacia mellifera,0.2,,,,
neud_3,C,2024-12-02 00:00:00,-22.4875,17.3304,north,short_plants,small_area,Senegalia/Acacia mellifera,0.2,,,,
neud_3,C,2024-12-02 00:00:00,-22.4875,17.3304,north,short_plants,small_area,Senegalia/Acacia mellifera,0.5,0.6,0.7,0.9,
neud_3,C,2024-12-02 00:00:00,-22.4875,17.3304,north,short_plants,small_area,Senegalia/Acacia mellifera,0.3,,,,
neud_3,C,2024-12-02 00:00:00,-22.4875,17.3304,north,short_plants,small_area,Senegalia/Acacia mellifera,0.5,0.3,0.7,0.6,
neud_3,C,2024-12-02 00:00:00,-22.4875,17.3304,north,short_plants,small_area,Senegalia/Acacia mellifera,0.6,0.3,0.7,0.6,
neud_3,C,2024-12-02 00:00:00,-22.4875,17.3304,north,short_plants,small_area,Senegalia/Acacia mellifera,0.5,0.3,1.1,0.8,
neud_3,C,2024-12-02 00:00:00,-22.4875,17.3304,north,short_plants,small_area,Senegalia/Acacia mellifera,0.3,,,,
neud_3,C,2024-12-02 00:00:00,-22.4875,17.3304,north,short_plants,small_area,Senegalia/Acacia mellifera,0.6,0.6,0.6,0.6,
neud_3,C,2024-12-02 00:00:00,-22.4875,17.3304,north,short_plants,small_area,Senegalia/Acacia mellifera,0.3,,,,
neud_3,C,2024-12-02 00:00:00,-22.4875,17.3304,north,short_plants,small_area,Senegalia/Acacia mellifera,0.4,,,,
neud_3,C,2024-12-02 00:00:00,-22.4875,17.3304,north,short_plants,small_area,Senegalia/Acacia mellifera,0.4,,,,
neud_3,C,2024-12-02 00:00:00,-22.4875,17.3304,north,short_plants,small_area,Senegalia/Acacia mellifera,0.8,0.5,1.4,1.4,
neud_3,C,2024-12-02 00:00:00,-22.4875,17.3304,north,short_plants,small_area,Senegalia/Acacia mellifera,0.8,0.3,1.0,1.0,
neud_3,C,2024-12-02 00:00:00,-22.4875,17.3304,north,short_plants,small_area,Senegalia/Acacia mellifera,0.2,,,,
neud_3,C,2024-12-02 00:00:00,-22.4875,17.3304,south,short_plants,small_area,Senegalia/Acacia mellifera,1.0,0.7,1.1,1.0,
neud_3,C,2024-12-02 00:00:00,-22.4875,17.3304,south,short_plants,small_area,Senegalia/Acacia mellifera,0.2,,,,
neud_3,C,2024-12-02 00:00:00,-22.4875,17.3304,south,short_plants,small_area,Senegalia/Acacia mellifera,0.05,,,,
neud_3,C,2024-12-02 00:00:00,-22.4875,17.3304,south,short_plants,small_area,Senegalia/Acacia mellifera,0.2,,,,
neud_3,C,2024-12-02 00:00:00,-22.4875,17.3304,south,short_plants,small_area,Senegalia/Acacia mellifera,0.1,,,,
neud_3,C,2024-12-02 00:00:00,-22.4875,17.3304,south,short_plants,small_area,Senegalia/Acacia mellifera,0.5,0.4,0.7,0.8,
neud_3,C,2024-12-02 00:00:00,-22.4875,17.3304,south,short_plants,small_area,Senegalia/Acacia mellifera,0.3,,,,
neud_3,C,2024-12-02 00:00:00,-22.4875,17.3304,south,short_plants,small_area,Senegalia/Acacia mellifera,0.3,,,,
neud_3,C,2024-12-02 00:00:00,-22.4875,17.3304,south,short_plants,small_area,Senegalia/Acacia mellifera,0.3,,,,
neud_3,C,2024-12-02 00:00:00,-22.4875,17.3304,south,short_plants,small_area,Senegalia/Acacia mellifera,0.4,,,,
neud_3,C,2024-12-02 00:00:00,-22.4875,17.3304,south,short_plants,small_area,Senegalia/Acacia mellifera,0.7,0.3,0.9,0.6,
neud_3,C,2024-12-02 00:00:00,-22.4875,17.3303999999999,south,short_plants,small_area,Senegalia/Acacia mellifera,0.3,,,,
neud_3,C,2024-12-02 00:00:00,-22.4875,17.3303999999999,south,short_plants,small_area,Senegalia/Acacia mellifera,0.4,,,,
neud_3,C,2024-12-02 00:00:00,-22.4875,17.3303999999999,south,short_plants,small_area,Senegalia/Acacia mellifera,0.3,,,,
neud_3,C,2024-12-02 00:00:00,-22.4875,17.3303999999999,south,short_plants,small_area,Senegalia/Acacia mellifera,0.08,,,,
neud_3,C,2024-12-02 00:00:00,-22.4875,17.3303999999999,south,short_plants,small_area,Vachellia/Acacia reficiens,0.6,0.4,2.4,1.9,
neud_3,C,2024-12-02 00:00:00,-22.4875,17.3303999999999,south,short_plants,small_area,Other microphyllous-leaved woody plants,0.4,0.1,0.9,0.9,
neud_3,C,2024-12-02 00:00:00,-22.4875,17.3303999999999,south,short_plants,small_area,Senegalia/Acacia mellifera,0.8,0.4,0.8,0.7,
neud_3,C,2024-12-02 00:00:00,-22.4875,17.3303999999999,south,short_plants,small_area,Senegalia/Acacia mellifera,0.3,,,,
neud_3,C,2024-12-02 00:00:00,-22.4875,17.3303999999999,south,short_plants,small_area,Senegalia/Acacia mellifera,1.1,0.6,1.0,1.2,
neud_3,C,2024-12-02 00:00:00,-22.4875,17.3303999999999,south,short_plants,small_area,Senegalia/Acacia mellifera,1.1,0.7,1.4,1.3,
neud_3,C,2024-12-02 00:00:00,-22.4875,17.3303999999999,south,short_plants,small_area,Senegalia/Acacia mellifera,0.3,,,,
neud_3,C,2024-12-02 00:00:00,-22.4875,17.3303999999999,south,short_plants,small_area,Senegalia/Acacia mellifera,0.6,0.3,0.8,1.0,
neud_3,C,2024-12-02 00:00:00,-22.4875,17.3303999999999,south,short_plants,small_area,Senegalia/Acacia mellifera,1.0,0.8,1.8,1.6,
neud_3,C,2024-12-02 00:00:00,-22.4875,17.3303999999999,south,short_plants,small_area,Senegalia/Acacia mellifera,0.6,0.5,0.8,0.7,
neud_3,C,2024-12-02 00:00:00,-22.4875,17.3303999999999,south,short_plants,small_area,Senegalia/Acacia mellifera,0.4,,,,
neud_3,C,2024-12-02 00:00:00,-22.4875,17.3303999999999,south,short_plants,small_area,Senegalia/Acacia mellifera,0.01,,,,
neud_3,C,2024-12-02 00:00:00,-22.4875,17.3303999999999,south,short_plants,small_area,Senegalia/Acacia mellifera,0.02,,,,
neud_3,C,2024-12-02 00:00:00,-22.4875,17.3303999999999,east,short_plants,small_area,Senegalia/Acacia mellifera,0.08,,,,
neud_3,C,2024-12-02 00:00:00,-22.4875,17.3303999999999,east,short_plants,small_area,Senegalia/Acacia mellifera,0.5,0.2,0.9,0.7,
neud_3,C,2024-12-02 00:00:00,-22.4875,17.3303999999999,east,short_plants,small_area,Senegalia/Acacia mellifera,0.4,,,,
neud_3,C,2024-12-02 00:00:00,-22.4875,17.3303999999999,east,short_plants,small_area,Senegalia/Acacia mellifera,0.3,,,,
neud_3,C,2024-12-02 00:00:00,-22.4875,17.3303999999999,east,short_plants,small_area,Senegalia/Acacia mellifera,0.1,,,,
neud_3,C,2024-12-02 00:00:00,-22.4875,17.3303999999999,east,short_plants,small_area,Senegalia/Acacia mellifera,0.4,,,,
neud_3,C,2024-12-02 00:00:00,-22.4875,17.3303999999999,east,short_plants,small_area,Senegalia/Acacia mellifera,0.7,0.4,0.1,1.0,
neud_3,C,2024-12-02 00:00:00,-22.4875,17.3303999999999,east,short_plants,small_area,Senegalia/Acacia mellifera,0.6,0.3,1.1,0.9,
neud_3,C,2024-12-02 00:00:00,-22.4875,17.3303999999999,east,short_plants,small_area,Senegalia/Acacia mellifera,0.9,0.8,1.2,1.1,
neud_3,C,2024-12-02 00:00:00,-22.4875,17.3303999999999,east,short_plants,small_area,Senegalia/Acacia mellifera,1.3,0.7,1.1,0.8,
neud_3,C,2024-12-02 00:00:00,-22.4875,17.3303999999999,east,short_plants,small_area,Senegalia/Acacia mellifera,0.9,0.5,1.0,1.3,
neud_3,C,2024-12-02 00:00:00,-22.4875,17.3303999999999,east,short_plants,small_area,Senegalia/Acacia mellifera,0.8,0.6,0.8,0.7,
neud_3,C,2024-12-02 00:00:00,-22.4875,17.3303999999999,east,short_plants,small_area,Senegalia/Acacia mellifera,0.6,0.4,1.2,0.8,
neud_3,C,2024-12-02 00:00:00,-22.4875,17.3303999999999,east,short_plants,small_area,Senegalia/Acacia mellifera,0.3,,,,
neud_3,C,2024-12-02 00:00:00,-22.4875,17.3303999999999,east,short_plants,small_area,Senegalia/Acacia mellifera,0.7,0.4,1.4,1.1,
neud_3,C,2024-12-02 00:00:00,-22.4875,17.3303999999999,east,short_plants,small_area,Senegalia/Acacia mellifera,0.6,0.4,0.9,1.1,
neud_3,C,2024-12-02 00:00:00,-22.4875,17.3303999999999,east,short_plants,small_area,Senegalia/Acacia mellifera,0.4,,,,
neud_3,C,2024-12-02 00:00:00,-22.4875,17.3303999999999,east,short_plants,small_area,Senegalia/Acacia mellifera,0.5,0.4,0.6,0.9,
neud_3,C,2024-12-02 00:00:00,-22.4875,17.3303999999999,east,short_plants,small_area,Senegalia/Acacia mellifera,0.4,,,,
neud_3,C,2024-12-02 00:00:00,-22.4875,17.3303999999999,west,short_plants,small_area,Senegalia/Acacia mellifera,0.4,,,,
neud_3,C,2024-12-02 00:00:00,-22.4875,17.3303999999999,west,short_plants,small_area,Senegalia/Acacia mellifera,1.0,0.9,1.2,0.9,
neud_3,C,2024-12-02 00:00:00,-22.4875,17.3303999999999,west,short_plants,small_area,Senegalia/Acacia mellifera,0.5,0.3,0.6,0.5,
neud_3,C,2024-12-02 00:00:00,-22.4875,17.3303999999999,west,short_plants,small_area,Senegalia/Acacia mellifera,0.6,0.6,0.6,0.6,
neud_3,C,2024-12-02 00:00:00,-22.4875,17.3303999999999,west,short_plants,small_area,Senegalia/Acacia mellifera,0.6,0.3,0.7,0.6,
neud_3,C,2024-12-02 00:00:00,-22.4875,17.3303999999999,west,short_plants,small_area,Senegalia/Acacia mellifera,0.6,0.1,0.6,0.7,
neud_3,C,2024-12-02 00:00:00,-22.4875,17.3303999999999,west,short_plants,small_area,Vachellia/Acacia reficiens,0.8,0.4,1.6,1.3,
neud_3,C,2024-12-02 00:00:00,-22.4875,17.3304,west,short_plants,small_area,Senegalia/Acacia mellifera,0.6,0.5,1.2,1.0,
neud_3,C,2024-12-02 00:00:00,-22.4875,17.3304,west,short_plants,small_area,Senegalia/Acacia mellifera,0.9,0.5,1.8,1.7,
neud_3,C,2024-12-02 00:00:00,-22.4875,17.3304,west,short_plants,small_area,Senegalia/Acacia mellifera,1.4,1.7,1.8,0.9,
neud_3,C,2024-12-02 00:00:00,-22.4875,17.3304,west,short_plants,small_area,Senegalia/Acacia mellifera,1.0,0.4,1.0,1.2,
neud_3,C,2024-12-02 00:00:00,-22.4875,17.3304,west,short_plants,small_area,Senegalia/Acacia mellifera,0.7,0.5,1.2,1.0,
neud_3,C,2024-12-02 00:00:00,-22.4875,17.3304,west,short_plants,small_area,Senegalia/Acacia mellifera,0.3,,,,
neud_3,C,2024-12-02 00:00:00,-22.4875,17.3304,west,short_plants,small_area,Senegalia/Acacia mellifera,0.2,,,,
neud_3,C,2024-12-02 00:00:00,-22.4875,17.3304,west,short_plants,small_area,Senegalia/Acacia mellifera,0.5,0.2,0.8,0.6,
neud_3,C,2024-12-02 00:00:00,-22.4875,17.3304,west,short_plants,small_area,Senegalia/Acacia mellifera,0.4,,,,
neud_3,C,2024-12-02 00:00:00,-22.4875,17.3304,west,short_plants,small_area,Senegalia/Acacia mellifera,0.2,,,,
neud_3,C,2024-12-02 00:00:00,-22.4875,17.3304,west,short_plants,small_area,Senegalia/Acacia mellifera,0.3,,,,
neud_3,C,2024-12-02 00:00:00,-22.4875,17.3304,west,short_plants,small_area,Senegalia/Acacia mellifera,0.7,0.4,1.2,1.0,
neud_3,C,2024-12-02 00:00:00,-22.4875,17.3304,west,short_plants,small_area,Senegalia/Acacia mellifera,0.7,0.5,0.8,0.8,
neud_3,C,2024-12-02 00:00:00,-22.4875,17.3304,west,short_plants,small_area,Senegalia/Acacia mellifera,0.2,,,,
neud_3,C,2024-12-02 00:00:00,-22.4875,17.3304,west,short_plants,small_area,Senegalia/Acacia mellifera,0.5,0.2,0.4,0.4,
neud_3,C,2024-12-02 00:00:00,-22.4875,17.3304,west,short_plants,small_area,Senegalia/Acacia mellifera,0.8,0.6,0.8,0.8,
neud_3,C,2024-12-02 00:00:00,-22.4875,17.3304,west,short_plants,small_area,Senegalia/Acacia mellifera,0.8,0.7,1.2,0.7,
neud_3,C,2024-12-02 00:00:00,-22.4875,17.3304,west,short_plants,small_area,Senegalia/Acacia mellifera,0.7,0.6,0.5,0.6,
neud_3,C,2024-12-02 00:00:00,-22.4875,17.3304,west,short_plants,small_area,Senegalia/Acacia mellifera,1.1,0.7,1.5,1.2,
neud_3,C,2024-12-02 00:00:00,-22.4875,17.3304,west,short_plants,small_area,Senegalia/Acacia mellifera,0.6,0.4,,,
neud_3,C,2024-12-02 00:00:00,-22.4875,17.3304,west,short_plants,small_area,Senegalia/Acacia mellifera,0.7,0.6,,,
neud_3,C,2024-12-02 00:00:00,-22.4875,17.3304,west,short_plants,small_area,Senegalia/Acacia mellifera,0.3,,,,
neud_3,C,2024-12-02 00:00:00,-22.4875,17.3304,west,short_plants,small_area,Senegalia/Acacia mellifera,0.3,,,,
neud_3,C,2024-12-02 00:00:00,-22.4875,17.3304,west,short_plants,small_area,Senegalia/Acacia mellifera,0.01,,,,
neud_3,C,2024-12-02 00:00:00,-22.4875,17.3304,east,short_plants,small_area,Senegalia/Acacia mellifera,0.7,0.5,1.1,0.8,
neud_3,C,2024-12-02 00:00:00,-22.4875,17.3304,east,short_plants,small_area,Senegalia/Acacia mellifera,0.3,,,,
neud_3,C,2024-12-02 00:00:00,-22.4875,17.3304,east,short_plants,small_area,Senegalia/Acacia mellifera,0.2,,,,
neud_3,C,2024-12-02 00:00:00,-22.4875,17.3303999999999,east,short_plants,small_area,Senegalia/Acacia mellifera,0.4,,,,
neud_3,C,2024-12-02 00:00:00,-22.4875,17.3303999999999,east,short_plants,small_area,Senegalia/Acacia mellifera,1.1,0.7,1.2,1.0,
neud_3,C,2024-12-02 00:00:00,-22.4875,17.3303999999999,east,short_plants,small_area,Senegalia/Acacia mellifera,0.02,,,,
neud_3,C,2024-12-02 00:00:00,-22.4875,17.3303999999999,east,short_plants,small_area,Senegalia/Acacia mellifera,0.3,,,,
neud_3,C,2024-12-02 00:00:00,-22.4875,17.3303999999999,east,short_plants,small_area,Senegalia/Acacia mellifera,0.7,0.5,0.8,0.7,
neud_3,C,2024-12-02 00:00:00,-22.4875,17.3303999999999,east,short_plants,small_area,Senegalia/Acacia mellifera,0.7,0.4,1.6,1.3,
neud_3,C,2024-12-02 00:00:00,-22.4875,17.3303999999999,west,tall_plants,large_area,Senegalia/Acacia mellifera,2.5,1.7,1.7,4.0,
neud_3,C,2024-12-02 00:00:00,-22.4875,17.3303999999999,west,tall_plants,large_area,Senegalia/Acacia mellifera,2.5,1.2,3.5,4.0,
neud_3,C,2024-12-02 00:00:00,-22.4875,17.3303999999999,east,short_plants,small_area,Senegalia/Acacia mellifera,0.7,0.3,1.0,0.8,
neud_3,C,2024-12-02 00:00:00,-22.4875,17.3303999999999,east,short_plants,small_area,Senegalia/Acacia mellifera,0.5,0.4,0.9,0.7,
neud_3,C,2024-12-02 00:00:00,-22.4875,17.3303999999999,east,short_plants,small_area,Senegalia/Acacia mellifera,0.4,,,,
neud_3,C,2024-12-02 00:00:00,-22.4875,17.3303999999999,east,short_plants,small_area,Senegalia/Acacia mellifera,0.8,0.6,1.0,0.7,
neud_3,C,2024-12-02 00:00:00,-22.4875,17.3303999999999,east,short_plants,small_area,Senegalia/Acacia mellifera,0.1,,,,
neud_3,C,2024-12-02 00:00:00,-22.4875,17.3303999999999,east,short_plants,small_area,Senegalia/Acacia mellifera,0.1,,,,
neud_3,C,2024-12-02 00:00:00,-22.4875,17.3303999999999,east,short_plants,small_area,Senegalia/Acacia mellifera,0.1,,,,
neud_3,C,2024-12-02 00:00:00,-22.4875,17.3303999999999,east,short_plants,small_area,Senegalia/Acacia mellifera,0.1,,,,
neud_3,C,2024-12-02 00:00:00,-22.4875,17.3303999999999,east,short_plants,small_area,Senegalia/Acacia mellifera,0.1,,,,
neud_3,C,2024-12-02 00:00:00,-22.4875,17.3303999999999,east,short_plants,small_area,Senegalia/Acacia mellifera,0.1,,,,
neud_3,C,2024-12-02 00:00:00,-22.4875,17.3303999999999,EWSN,woody_seedlings,small_x4,Terminalia sericea,,,,,0.0
neud_3,C,2024-12-02 00:00:00,-22.4875,17.3303999999999,EWSN,woody_seedlings,small_x4,Vachellia/Acacia reficiens,,,,,0.0
neud_3,C,2024-12-02 00:00:00,-22.4875,17.3303999999999,EWSN,woody_seedlings,small_x4,Senegalia/Acacia mellifera,,,,,61.0
neud_3,C,2024-12-02 00:00:00,-22.4875,17.3303999999999,EWSN,woody_seedlings,small_x4,Other microphyllous-leaved woody plants,,,,,8.0
neud_3,C,2024-12-02 00:00:00,-22.4875,17.3303999999999,EWSN,woody_seedlings,small_x4,Other broad-leaved woody plants,,,,,1.0
olif_1,C,2024-03-04 00:00:00,-23.6635,18.36941,south,tall_plants,large_area,Other microphyllous-leaved woody plants,4.2,2.5,3.2,2.6,
olif_1,C,2024-03-04 00:00:00,-23.6635,18.36941,EWSN,woody_seedlings,small_x4,Terminalia sericea,,,,,0.0
olif_1,C,2024-03-04 00:00:00,-23.6635,18.36941,EWSN,woody_seedlings,small_x4,Vachellia/Acacia reficiens,,,,,0.0
olif_1,C,2024-03-04 00:00:00,-23.6635,18.36941,EWSN,woody_seedlings,small_x4,Senegalia/Acacia mellifera,,,,,0.0
olif_1,C,2024-03-04 00:00:00,-23.6635,18.36941,EWSN,woody_seedlings,small_x4,Other microphyllous-leaved woody plants,,,,,0.0
olif_1,C,2024-03-04 00:00:00,-23.6635,18.36941,EWSN,woody_seedlings,small_x4,Other broad-leaved woody plants,,,,,0.0
olif_2,C,2024-03-04 00:00:00,-23.7116,18.38913,EWSN,woody_seedlings,small_x4,Terminalia sericea,,,,,0.0
olif_2,C,2024-03-04 00:00:00,-23.7116,18.38913,EWSN,woody_seedlings,small_x4,Vachellia/Acacia reficiens,,,,,0.0
olif_2,C,2024-03-04 00:00:00,-23.7116,18.38913,EWSN,woody_seedlings,small_x4,Senegalia/Acacia mellifera,,,,,0.0
olif_2,C,2024-03-04 00:00:00,-23.7116,18.38913,EWSN,woody_seedlings,small_x4,Other microphyllous-leaved woody plants,,,,,0.0
olif_2,C,2024-03-04 00:00:00,-23.7116,18.38913,EWSN,woody_seedlings,small_x4,Other broad-leaved woody plants,,,,,0.0
olif_3,C,2024-03-04 00:00:00,-23.72709,18.3608,east,tall_plants,large_area,Other microphyllous-leaved woody plants,3.9,2.4,4.1,3.5,
olif_3,C,2024-03-04 00:00:00,-23.72709,18.3608,east,tall_plants,large_area,Other microphyllous-leaved woody plants,2.9,2.0,3.7,3.3,
olif_3,C,2024-03-04 00:00:00,-23.72709,18.3608,south,tall_plants,large_area,Other microphyllous-leaved woody plants,2.8,1.8,2.1,1.8,
olif_3,C,2024-03-04 00:00:00,-23.72709,18.3608,EWSN,woody_seedlings,small_x4,Terminalia sericea,,,,,0.0
olif_3,C,2024-03-04 00:00:00,-23.72709,18.3608,EWSN,woody_seedlings,small_x4,Vachellia/Acacia reficiens,,,,,0.0
olif_3,C,2024-03-04 00:00:00,-23.72709,18.3608,EWSN,woody_seedlings,small_x4,Senegalia/Acacia mellifera,,,,,0.0
olif_3,C,2024-03-04 00:00:00,-23.72709,18.3608,EWSN,woody_seedlings,small_x4,Other microphyllous-leaved woody plants,,,,,0.0
olif_3,C,2024-03-04 00:00:00,-23.72709,18.3608,EWSN,woody_seedlings,small_x4,Other broad-leaved woody plants,,,,,0.0
onam_1,C,17/02/2024,16.56017,-17.51368,west,short_plants,small_area,Other broad-leaved woody plants,0.98,0.65,0.7,0.6,
onam_1,C,17/02/2024,16.56017,-17.51368,west,short_plants,small_area,Other broad-leaved woody plants,0.55,0.3,0.3,0.2,
onam_1,C,17/02/2024,16.56017,-17.51368,west,short_plants,small_area,Other broad-leaved woody plants,0.65,0.46,0.35,0.3,
onam_1,C,17/02/2024,16.56017,-17.51368,west,short_plants,small_area,Other broad-leaved woody plants,0.65,0.46,0.35,0.3,
onam_1,C,17/02/2024,16.56017,-17.51368,west,short_plants,small_area,Other broad-leaved woody plants,0.65,0.46,0.35,0.3,
onam_1,C,17/02/2024,16.56017,-17.51368,west,short_plants,small_area,Other broad-leaved woody plants,1.8,0.46,0.35,0.3,
onam_1,C,17/02/2024,16.56017,-17.51368,west,short_plants,small_area,Other broad-leaved woody plants,1.1,1.0,0.6,0.4,
onam_1,C,17/02/2024,16.56017,-17.51368,east,short_plants,small_area,Terminalia sericea,0.62,0.5,0.5,0.4,
onam_1,C,17/02/2024,16.56017,-17.51368,north,short_plants,small_area,Other broad-leaved woody plants,1.7,1.3,1.2,1.0,
onam_1,C,17/02/2024,16.56017,-17.51368,north,short_plants,small_area,Other broad-leaved woody plants,0.6,0.55,0.6,0.3,
onam_1,C,17/02/2024,16.56017,-17.51368,north,short_plants,small_area,Other broad-leaved woody plants,1.2,1.1,0.45,0.35,
onam_1,C,17/02/2024,16.56017,-17.51368,north,short_plants,small_area,Other broad-leaved woody plants,0.6,0.4,0.45,0.2,
onam_1,C,17/02/2024,16.56017,-17.51368,north,short_plants,small_area,Other broad-leaved woody plants,0.7,0.4,0.5,0.4,
onam_1,C,17/02/2024,16.56017,-17.51368,north,short_plants,small_area,Other broad-leaved woody plants,0.9,0.6,1.2,0.6,
onam_1,C,17/02/2024,16.56017,-17.51368,north,short_plants,small_area,Other broad-leaved woody plants,1.3,1.0,1.1,0.9,
onam_1,C,17/02/2024,16.56017,-17.51368,south,short_plants,small_area,Other broad-leaved woody plants,0.7,0.45,0.5,0.4,
onam_1,C,17/02/2024,16.56017,-17.51368,south,short_plants,small_area,Other broad-leaved woody plants,1.1,0.9,0.7,0.66,
onam_1,C,17/02/2024,16.56017,-17.51368,west,tall_plants,large_area,Terminalia sericea,5.5,4.0,3.1,2.5,
onam_1,C,17/02/2024,16.56017,-17.51368,west,tall_plants,large_area,Other broad-leaved woody plants,5.0,4.7,3.3,2.0,
onam_1,C,17/02/2024,16.56017,-17.51368,west,tall_plants,large_area,Terminalia sericea,7.0,6.0,5.5,5.0,
onam_1,C,17/02/2024,16.56017,-17.51368,west,tall_plants,large_area,Other broad-leaved woody plants,5.3,3.0,3.5,2.5,
onam_1,C,17/02/2024,16.56017,-17.51368,west,tall_plants,large_area,Other broad-leaved woody plants,5.3,3.0,3.5,2.5,
onam_1,C,17/02/2024,16.56017,-17.51368,east,tall_plants,large_area,Other broad-leaved woody plants,8.0,7.0,5.5,4.0,
onam_1,C,17/02/2024,16.56017,-17.51368,east,tall_plants,large_area,Terminalia sericea,5.5,3.0,4.8,4.3,
onam_1,C,17/02/2024,16.56017,-17.51368,east,tall_plants,large_area,Other broad-leaved woody plants,5.5,3.2,1.7,1.4,
onam_1,C,17/02/2024,16.56017,-17.51368,east,tall_plants,large_area,Terminalia sericea,5.5,3.2,1.7,1.4,
onam_1,C,17/02/2024,16.56017,-17.51368,east,tall_plants,large_area,Terminalia sericea,3.5,3.2,2.0,1.8,
onam_1,C,17/02/2024,16.56017,-17.51368,north,tall_plants,large_area,Terminalia sericea,6.0,5.0,5.5,5.0,
onam_1,C,17/02/2024,16.56017,-17.51368,north,tall_plants,large_area,Terminalia sericea,3.0,2.8,2.5,2.4,
onam_1,C,17/02/2024,16.56017,-17.51368,north,tall_plants,large_area,Other broad-leaved woody plants,7.0,6.5,2.8,2.4,
onam_1,C,17/02/2024,16.56017,-17.51368,south,tall_plants,large_area,Other broad-leaved woody plants,10.0,9.5,5.5,4.5,
onam_1,C,17/02/2024,16.56017,-17.51368,south,tall_plants,large_area,Terminalia sericea,9.0,5.0,5.3,2.5,
onam_1,C,17/02/2024,16.56017,-17.51368,south,tall_plants,large_area,Other broad-leaved woody plants,7.5,5.0,5.0,3.0,
onam_1,C,17/02/2024,16.56017,-17.51368,south,tall_plants,large_area,Other microphyllous-leaved woody plants,10.0,9.5,5.5,4.5,
onam_1,C,17/02/2024,16.56017,-17.51368,south,tall_plants,large_area,Other broad-leaved woody plants,5.0,4.5,4.3,2.0,
onam_1,C,17/02/2024,16.56017,-17.51368,south,tall_plants,large_area,Terminalia sericea,4.0,3.5,5.0,2.6,
onam_1,C,17/02/2024,16.56017,-17.51368,EWSN,woody_seedlings,small_x4,Terminalia sericea,,,,,1.0
onam_1,C,17/02/2024,16.56017,-17.51368,EWSN,woody_seedlings,small_x4,Vachellia/Acacia reficiens,,,,,0.0
onam_1,C,17/02/2024,16.56017,-17.51368,EWSN,woody_seedlings,small_x4,Senegalia/Acacia mellifera,,,,,0.0
onam_1,C,17/02/2024,16.56017,-17.51368,EWSN,woody_seedlings,small_x4,Other microphyllous-leaved woody plants,,,,,0.0
onam_1,C,17/02/2024,16.56017,-17.51368,EWSN,woody_seedlings,small_x4,Other broad-leaved woody plants,,,,,87.0
onam_2,C,18/02/2024,16.54667,-17.52277,south,short_plants,small_area,Other broad-leaved woody plants,0.8,0.5,1.0,0.9,
onam_2,C,18/02/2024,16.54667,-17.52277,south,short_plants,small_area,Other broad-leaved woody plants,1.0,1.0,1.0,0.95,
onam_2,C,18/02/2024,16.54667,-17.52277,south,short_plants,small_area,Other broad-leaved woody plants,0.7,0.3,0.7,0.6,
onam_2,C,18/02/2024,16.54667,-17.52277,west,tall_plants,large_area,Other broad-leaved woody plants,6.5,2.5,4.5,4.1,
onam_2,C,18/02/2024,16.54667,-17.52277,west,tall_plants,large_area,Other broad-leaved woody plants,5.0,3.0,3.0,2.0,
onam_2,C,18/02/2024,16.54667,-17.52277,west,tall_plants,large_area,Terminalia sericea,4.5,3.0,5.1,4.0,
onam_2,C,18/02/2024,16.54667,-17.52277,west,tall_plants,large_area,Other broad-leaved woody plants,5.0,3.7,5.8,4.5,
onam_2,C,18/02/2024,16.54667,-17.52277,east,tall_plants,large_area,Other broad-leaved woody plants,14.0,3.5,12.0,10.0,
onam_2,C,18/02/2024,16.54667,-17.52277,east,tall_plants,large_area,Terminalia sericea,9.0,2.4,5.0,4.7,
onam_2,C,18/02/2024,16.54667,-17.52277,north,tall_plants,large_area,Terminalia sericea,5.0,1.7,5.0,4.8,
onam_2,C,18/02/2024,16.54667,-17.52277,north,tall_plants,large_area,Other broad-leaved woody plants,12.0,5.0,10.0,8.0,
onam_2,C,18/02/2024,16.54667,-17.52277,south,tall_plants,large_area,Other microphyllous-leaved woody plants,6.5,4.5,5.5,4.5,
onam_2,C,18/02/2024,16.54667,-17.52277,south,tall_plants,large_area,Other broad-leaved woody plants,6.2,2.0,4.5,3.3,
onam_2,C,18/02/2024,16.54667,-17.52277,south,tall_plants,large_area,Other broad-leaved woody plants,8.0,2.0,2.2,1.8,
onam_2,C,18/02/2024,16.54667,-17.52277,EWSN,woody_seedlings,small_x4,Terminalia sericea,,,,,1.0
onam_2,C,18/02/2024,16.54667,-17.52277,EWSN,woody_seedlings,small_x4,Vachellia/Acacia reficiens,,,,,0.0
onam_2,C,18/02/2024,16.54667,-17.52277,EWSN,woody_seedlings,small_x4,Senegalia/Acacia mellifera,,,,,0.0
onam_2,C,18/02/2024,16.54667,-17.52277,EWSN,woody_seedlings,small_x4,Other microphyllous-leaved woody plants,,,,,0.0
onam_2,C,18/02/2024,16.54667,-17.52277,EWSN,woody_seedlings,small_x4,Other broad-leaved woody plants,,,,,49.0
onam_5,C,17/02/2024,16.55458,-17.52969,west,short_plants,small_area,Other broad-leaved woody plants,0.75,0.38,0.8,0.5,
onam_5,C,17/02/2024,16.55458,-17.52969,west,short_plants,small_area,Other broad-leaved woody plants,1.3,0.8,2.5,1.3,
onam_5,C,17/02/2024,16.55458,-17.52969,west,short_plants,small_area,Other broad-leaved woody plants,0.9,0.55,0.9,0.8,
onam_5,C,17/02/2024,16.55458,-17.52969,east,short_plants,small_area,Other broad-leaved woody plants,0.6,0.41,0.7,0.45,
onam_5,C,17/02/2024,16.55458,-17.52969,east,short_plants,small_area,Other broad-leaved woody plants,2.5,2.0,2.5,2.0,
onam_5,C,17/02/2024,16.55458,-17.52969,north,short_plants,small_area,Other broad-leaved woody plants,0.9,0.7,0.5,0.4,
onam_5,C,17/02/2024,16.55458,-17.52969,north,short_plants,small_area,Other broad-leaved woody plants,0.8,0.6,1.1,1.0,
onam_5,C,17/02/2024,16.55458,-17.52969,north,short_plants,small_area,Other broad-leaved woody plants,0.75,0.7,0.8,0.55,
onam_5,C,17/02/2024,16.55458,-17.52969,north,short_plants,small_area,Other broad-leaved woody plants,0.67,0.55,0.5,0.35,
onam_5,C,17/02/2024,16.55458,-17.52969,north,short_plants,small_area,Other broad-leaved woody plants,1.1,0.5,1.1,1.0,
onam_5,C,17/02/2024,16.55458,-17.52969,south,short_plants,small_area,Other broad-leaved woody plants,0.65,0.45,0.7,0.5,
onam_5,C,17/02/2024,16.55458,-17.52969,west,tall_plants,large_area,Other broad-leaved woody plants,10.0,8.0,7.0,6.5,
onam_5,C,17/02/2024,16.55458,-17.52969,west,tall_plants,large_area,Other broad-leaved woody plants,3.5,3.0,3.6,3.0,
onam_5,C,17/02/2024,16.55458,-17.52969,west,tall_plants,large_area,Other broad-leaved woody plants,10.0,8.0,6.0,2.8,
onam_5,C,17/02/2024,16.55458,-17.52969,west,tall_plants,large_area,Other broad-leaved woody plants,3.0,2.6,2.5,2.3,
onam_5,C,17/02/2024,16.55458,-17.52969,west,tall_plants,large_area,Other broad-leaved woody plants,5.5,4.5,2.35,2.1,
onam_5,C,17/02/2024,16.55458,-17.52969,east,tall_plants,large_area,Other broad-leaved woody plants,6.5,5.5,3.5,2.5,
onam_5,C,17/02/2024,16.55458,-17.52969,east,tall_plants,large_area,Other broad-leaved woody plants,10.0,7.5,5.0,2.0,
onam_5,C,17/02/2024,16.55458,-17.52969,east,tall_plants,large_area,Other broad-leaved woody plants,8.0,4.5,6.6,6.0,
onam_5,C,17/02/2024,16.55458,-17.52969,north,tall_plants,large_area,Other broad-leaved woody plants,12.0,9.0,5.5,4.5,
onam_5,C,17/02/2024,16.55458,-17.52969,north,tall_plants,large_area,Terminalia sericea,5.0,2.5,6.5,5.0,
onam_5,C,17/02/2024,16.55458,-17.52969,north,tall_plants,large_area,Other broad-leaved woody plants,10.0,8.0,6.5,5.0,
onam_5,C,17/02/2024,16.55458,-17.52969,north,tall_plants,large_area,Other broad-leaved woody plants,6.0,3.5,6.0,2.5,
onam_5,C,17/02/2024,16.55458,-17.52969,South,tall_plants,large_area,Other broad-leaved woody plants,12.0,10.0,7.0,4.0,
onam_5,C,17/02/2024,16.55458,-17.52969,South,tall_plants,large_area,Terminalia sericea,5.8,3.5,5.0,4.5,
onam_5,C,17/02/2024,16.55458,-17.52969,South,tall_plants,large_area,Terminalia sericea,5.8,3.5,5.0,4.4,
onam_5,C,17/02/2024,16.55458,-17.52969,EWSN,woody_seedlings,small_x4,Terminalia sericea,,,,,3.0
onam_5,C,17/02/2024,16.55458,-17.52969,EWSN,woody_seedlings,small_x4,Vachellia/Acacia reficiens,,,,,0.0
onam_5,C,17/02/2024,16.55458,-17.52969,EWSN,woody_seedlings,small_x4,Senegalia/Acacia mellifera,,,,,0.0
onam_5,C,17/02/2024,16.55458,-17.52969,EWSN,woody_seedlings,small_x4,Other microphyllous-leaved woody plants,,,,,0.0
onam_5,C,17/02/2024,16.55458,-17.52969,EWSN,woody_seedlings,small_x4,Other broad-leaved woody plants,,,,,39.0
ghau_1,C,2024-02-25 00:00:00,-19.46402,17.79901,east,short_plants,small_area,Other microphyllous-leaved woody plants,0.8,0.45,0.8,0.3,
ghau_1,C,2024-02-25 00:00:00,-19.46402,17.79901,east,short_plants,small_area,Other microphyllous-leaved woody plants,2.4,1.7,2.0,1.8,
ghau_1,C,2024-02-25 00:00:00,-19.46402,17.79901,east,short_plants,small_area,Other broad-leaved woody plants,1.65,1.1,1.5,1.2,
ghau_1,C,2024-02-25 00:00:00,-19.46402,17.79901,east,short_plants,small_area,Other microphyllous-leaved woody plants,1.8,1.5,1.3,0.8,
ghau_1,C,2024-02-25 00:00:00,-19.46402,17.79901,east,short_plants,small_area,Other microphyllous-leaved woody plants,1.0,1.0,1.2,0.7,
ghau_1,C,2024-02-25 00:00:00,-19.46402,17.79901,east,short_plants,small_area,Other broad-leaved woody plants,0.75,0.4,0.7,0.35,
ghau_1,C,2024-02-25 00:00:00,-19.46402,17.79901,east,short_plants,small_area,Other broad-leaved woody plants,0.7,0.7,0.4,0.5,
ghau_1,C,2024-02-25 00:00:00,-19.46402,17.79901,east,short_plants,small_area,Other microphyllous-leaved woody plants,0.8,0.55,0.3,0.3,
ghau_1,C,2024-02-25 00:00:00,-19.46402,17.79901,east,short_plants,small_area,Other microphyllous-leaved woody plants,0.7,0.7,0.45,0.5,
ghau_1,C,2024-02-25 00:00:00,-19.46402,17.79901,east,short_plants,small_area,Other broad-leaved woody plants,1.25,1.1,0.2,0.2,
ghau_1,C,2024-02-25 00:00:00,-19.46402,17.79901,east,short_plants,small_area,Other broad-leaved woody plants,1.9,1.6,0.9,0.8,
ghau_1,C,2024-02-25 00:00:00,-19.46402,17.79901,east,short_plants,small_area,Other broad-leaved woody plants,0.8,0.4,0.8,0.4,
ghau_1,C,2024-02-25 00:00:00,-19.46402,17.79901,east,short_plants,small_area,Other microphyllous-leaved woody plants,1.0,1.0,0.85,0.6,
ghau_1,C,2024-02-25 00:00:00,-19.46402,17.79901,east,short_plants,small_area,Other broad-leaved woody plants,1.0,0.5,0.65,0.8,
ghau_1,C,2024-02-25 00:00:00,-19.46402,17.79901,east,short_plants,small_area,Other microphyllous-leaved woody plants,1.4,0.8,0.4,0.4,
ghau_1,C,2024-02-25 00:00:00,-19.46402,17.79901,east,short_plants,small_area,Other microphyllous-leaved woody plants,1.6,1.3,1.0,1.0,
ghau_1,C,2024-02-25 00:00:00,-19.46402,17.79901,east,short_plants,small_area,Other microphyllous-leaved woody plants,2.1,2.1,1.8,1.7,
ghau_1,C,2024-02-25 00:00:00,-19.46402,17.79901,east,short_plants,small_area,Other broad-leaved woody plants,0.85,0.75,0.6,0.7,
ghau_1,C,2024-02-25 00:00:00,-19.46402,17.79901,east,short_plants,small_area,Other broad-leaved woody plants,1.15,1.15,0.25,0.15,
ghau_1,C,2024-02-25 00:00:00,-19.46402,17.79901,east,short_plants,small_area,Other broad-leaved woody plants,0.8,0.8,0.25,0.4,
ghau_1,C,2024-02-25 00:00:00,-19.46402,17.79901,east,tall_plants,large_area,Vachellia/Acacia reficiens,5.0,4.8,4.0,2.4,
ghau_1,C,2024-02-25 00:00:00,-19.46402,17.79901,east,tall_plants,large_area,Senegalia/Acacia mellifera,5.0,4.8,4.5,3.5,
ghau_1,C,2024-02-25 00:00:00,-19.46402,17.79901,east,tall_plants,large_area,Other microphyllous-leaved woody plants,4.1,4.1,3.3,3.6,
ghau_1,C,2024-02-25 00:00:00,-19.46402,17.79901,east,tall_plants,large_area,Vachellia/Acacia reficiens,4.0,3.9,5.0,4.6,
ghau_1,C,2024-02-25 00:00:00,-19.46402,17.79901,east,tall_plants,large_area,Senegalia/Acacia mellifera,4.3,4.0,6.5,6.0,
ghau_1,C,2024-02-25 00:00:00,-19.46402,17.79901,east,tall_plants,large_area,Other broad-leaved woody plants,4.0,3.1,3.5,4.0,
ghau_1,C,2024-02-25 00:00:00,-19.46402,17.79901,east,tall_plants,large_area,Other microphyllous-leaved woody plants,2.6,1.4,1.3,1.4,
ghau_1,C,2024-02-25 00:00:00,-19.46402,17.79901,east,tall_plants,large_area,Other microphyllous-leaved woody plants,3.8,3.8,3.0,3.2,
ghau_1,C,2024-02-25 00:00:00,-19.46402,17.79901,east,tall_plants,large_area,Other broad-leaved woody plants,3.5,3.5,3.2,3.0,
ghau_1,C,2024-02-25 00:00:00,-19.46402,17.79901,west,short_plants,small_area,Other broad-leaved woody plants,1.55,0.5,0.5,0.5,
ghau_1,C,2024-02-25 00:00:00,-19.46402,17.79901,west,short_plants,small_area,Other broad-leaved woody plants,0.9,0.7,0.3,0.2,
ghau_1,C,2024-02-25 00:00:00,-19.46402,17.79901,west,short_plants,small_area,Other broad-leaved woody plants,0.9,0.8,0.15,0.15,
ghau_1,C,2024-02-25 00:00:00,-19.46402,17.79901,west,short_plants,small_area,Other broad-leaved woody plants,0.8,0.8,0.3,0.2,
ghau_1,C,2024-02-25 00:00:00,-19.46402,17.79901,west,short_plants,small_area,Other broad-leaved woody plants,1.0,0.95,0.2,0.2,
ghau_1,C,2024-02-25 00:00:00,-19.46402,17.79901,west,short_plants,small_area,Other broad-leaved woody plants,0.95,0.5,0.5,0.5,
ghau_1,C,2024-02-25 00:00:00,-19.46402,17.79901,west,short_plants,small_area,Other broad-leaved woody plants,0.75,0.7,0.25,0.3,
ghau_1,C,2024-02-25 00:00:00,-19.46402,17.79901,west,short_plants,small_area,Other broad-leaved woody plants,1.55,1.1,0.5,0.45,
ghau_1,C,2024-02-25 00:00:00,-19.46402,17.79901,west,short_plants,small_area,Other broad-leaved woody plants,0.8,0.7,0.8,0.4,
ghau_1,C,2024-02-25 00:00:00,-19.46402,17.79901,west,short_plants,small_area,Other broad-leaved woody plants,1.1,0.6,0.7,0.4,
ghau_1,C,2024-02-25 00:00:00,-19.46402,17.79901,west,short_plants,small_area,Other broad-leaved woody plants,1.65,1.35,0.6,0.55,
ghau_1,C,2024-02-25 00:00:00,-19.46402,17.7990099999999,west,short_plants,small_area,Other broad-leaved woody plants,0.75,0.4,0.35,0.35,
ghau_1,C,2024-02-25 00:00:00,-19.46402,17.7990099999999,west,short_plants,small_area,Other broad-leaved woody plants,2.4,1.85,0.75,0.5,
ghau_1,C,2024-02-25 00:00:00,-19.46402,17.7990099999999,west,short_plants,small_area,Other broad-leaved woody plants,1.05,1.05,0.25,0.25,
ghau_1,C,2024-02-25 00:00:00,-19.46402,17.7990099999999,west,short_plants,small_area,Other broad-leaved woody plants,0.85,0.8,0.4,0.3,
ghau_1,C,2024-02-25 00:00:00,-19.46402,17.7990099999999,west,short_plants,small_area,Other broad-leaved woody plants,2.45,1.7,1.5,1.3,
ghau_1,C,2024-02-25 00:00:00,-19.46402,17.7990099999999,west,short_plants,small_area,Other broad-leaved woody plants,0.8,0.6,0.45,0.4,
ghau_1,C,2024-02-25 00:00:00,-19.46402,17.7990099999999,west,short_plants,small_area,Other broad-leaved woody plants,1.0,0.9,0.25,0.3,
ghau_1,C,2024-02-25 00:00:00,-19.46402,17.7990099999999,west,short_plants,small_area,Other broad-leaved woody plants,0.75,0.65,0.25,0.25,
ghau_1,C,2024-02-25 00:00:00,-19.46402,17.7990099999999,west,short_plants,small_area,Other broad-leaved woody plants,2.3,2.1,1.25,1.1,
ghau_1,C,2024-02-25 00:00:00,-19.46402,17.7990099999999,west,short_plants,small_area,Other broad-leaved woody plants,1.7,1.6,0.75,0.5,
ghau_1,C,2024-02-25 00:00:00,-19.46402,17.7990099999999,west,short_plants,small_area,Other broad-leaved woody plants,1.9,1.4,0.8,0.8,
ghau_1,C,2024-02-25 00:00:00,-19.46402,17.7990099999999,west,short_plants,small_area,Other broad-leaved woody plants,0.85,1.1,0.85,0.85,
ghau_1,C,2024-02-25 00:00:00,-19.46402,17.7990099999999,west,short_plants,small_area,Other broad-leaved woody plants,1.3,0.9,0.9,1.3,
ghau_1,C,2024-02-25 00:00:00,-19.46402,17.7990099999999,west,short_plants,small_area,Other broad-leaved woody plants,1.4,1.4,0.8,0.8,
ghau_1,C,2024-02-25 00:00:00,-19.46402,17.7990099999999,west,short_plants,small_area,Other broad-leaved woody plants,1.15,0.9,0.75,0.85,
ghau_1,C,2024-02-25 00:00:00,-19.46402,17.7990099999999,west,short_plants,small_area,Other broad-leaved woody plants,1.7,0.4,0.9,0.3,
ghau_1,C,2024-02-25 00:00:00,-19.46402,17.7990099999999,west,short_plants,small_area,Other broad-leaved woody plants,1.95,1.95,1.5,0.7,
ghau_1,C,2024-02-25 00:00:00,-19.46402,17.7990099999999,west,short_plants,small_area,Other broad-leaved woody plants,1.21,0.7,0.85,0.8,
ghau_1,C,2024-02-25 00:00:00,-19.46402,17.7990099999999,west,short_plants,small_area,Other broad-leaved woody plants,1.9,1.0,1.1,1.0,
ghau_1,C,2024-02-25 00:00:00,-19.46402,17.7990099999999,west,short_plants,small_area,Other broad-leaved woody plants,1.75,1.2,1.75,0.75,
ghau_1,C,2024-02-25 00:00:00,-19.46402,17.7990099999999,west,short_plants,small_area,Senegalia/Acacia mellifera,0.8,0.7,0.6,0.5,
ghau_1,C,2024-02-25 00:00:00,-19.46402,17.7990099999999,west,short_plants,small_area,Senegalia/Acacia mellifera,0.9,0.9,0.45,0.4,
ghau_1,C,2024-02-25 00:00:00,-19.46402,17.7990099999999,west,short_plants,small_area,Senegalia/Acacia mellifera,1.05,0.8,0.4,0.3,
ghau_1,C,2024-02-25 00:00:00,-19.46402,17.7990099999999,west,short_plants,small_area,Senegalia/Acacia mellifera,0.65,0.6,0.4,0.3,
ghau_1,C,2024-02-25 00:00:00,-19.46402,17.7990099999999,west,short_plants,small_area,Senegalia/Acacia mellifera,0.6,0.45,0.25,0.3,
ghau_1,C,2024-02-25 00:00:00,-19.46402,17.7990099999999,west,short_plants,small_area,Senegalia/Acacia mellifera,0.6,0.3,0.3,0.3,
ghau_1,C,2024-02-25 00:00:00,-19.46402,17.7990099999999,west,short_plants,small_area,Senegalia/Acacia mellifera,0.6,0.3,0.3,0.2,
ghau_1,C,2024-02-25 00:00:00,-19.46402,17.7990099999999,west,short_plants,small_area,Senegalia/Acacia mellifera,0.8,0.5,0.6,0.75,
ghau_1,C,2024-02-25 00:00:00,-19.46402,17.7990099999999,west,short_plants,small_area,Other broad-leaved woody plants,1.4,1.3,0.65,0.65,
ghau_1,C,2024-02-25 00:00:00,-19.46402,17.7990099999999,west,short_plants,small_area,Other broad-leaved woody plants,1.25,0.7,1.0,0.55,
ghau_1,C,2024-02-25 00:00:00,-19.46402,17.7990099999999,west,short_plants,small_area,Senegalia/Acacia mellifera,1.5,0.9,0.55,0.55,
ghau_1,C,2024-02-25 00:00:00,-19.46402,17.7990099999999,west,short_plants,small_area,Other broad-leaved woody plants,1.0,0.85,0.5,0.4,
ghau_1,C,2024-02-25 00:00:00,-19.46402,17.7990099999999,west,short_plants,small_area,Other microphyllous-leaved woody plants,1.0,1.0,0.95,0.6,
ghau_1,C,2024-02-25 00:00:00,-19.46402,17.7990099999999,west,short_plants,small_area,Senegalia/Acacia mellifera,0.95,0.95,0.25,0.35,
ghau_1,C,2024-02-25 00:00:00,-19.46402,17.7990099999999,west,tall_plants,large_area,Other microphyllous-leaved woody plants,7.5,3.9,2.5,5.0,
ghau_1,C,2024-02-25 00:00:00,-19.46402,17.7990099999999,west,tall_plants,large_area,Other broad-leaved woody plants,5.0,4.5,1.8,2.2,
ghau_1,C,2024-02-25 00:00:00,-19.46402,17.7990099999999,west,tall_plants,large_area,Vachellia/Acacia reficiens,7.0,5.0,3.5,3.5,
ghau_1,C,2024-02-25 00:00:00,-19.46402,17.7990099999999,west,tall_plants,large_area,Other broad-leaved woody plants,2.7,2.5,1.5,1.5,
ghau_1,C,2024-02-25 00:00:00,-19.46402,17.7990099999999,west,tall_plants,large_area,Other broad-leaved woody plants,2.9,2.7,2.2,1.4,
ghau_1,C,2024-02-25 00:00:00,-19.46402,17.7990099999999,west,tall_plants,large_area,Other microphyllous-leaved woody plants,3.2,3.0,2.3,2.0,
ghau_1,C,2024-02-25 00:00:00,-19.46402,17.7990099999999,west,tall_plants,large_area,Other microphyllous-leaved woody plants,3.7,1.9,3.0,2.1,
ghau_1,C,2024-02-25 00:00:00,-19.46402,17.7990099999999,north,short_plants,small_area,Other broad-leaved woody plants,1.3,1.2,0.9,0.9,
ghau_1,C,2024-02-25 00:00:00,-19.46402,17.7990099999999,north,short_plants,small_area,Other broad-leaved woody plants,1.1,0.5,0.7,0.6,
ghau_1,C,2024-02-25 00:00:00,-19.46402,17.7990099999999,north,short_plants,small_area,Other broad-leaved woody plants,0.7,0.6,0.55,0.6,
ghau_1,C,2024-02-25 00:00:00,-19.46402,17.7990099999999,north,short_plants,small_area,Other microphyllous-leaved woody plants,1.8,1.65,1.55,0.35,
ghau_1,C,2024-02-25 00:00:00,-19.46402,17.7990099999999,north,short_plants,small_area,Other broad-leaved woody plants,2.0,1.85,2.1,1.6,
ghau_1,C,2024-02-25 00:00:00,-19.46402,17.7990099999999,north,short_plants,small_area,Other broad-leaved woody plants,1.15,1.15,0.3,0.2,
ghau_1,C,2024-02-25 00:00:00,-19.46402,17.7990099999999,north,short_plants,small_area,Vachellia/Acacia reficiens,2.5,1.7,1.25,1.6,
ghau_1,C,2024-02-25 00:00:00,-19.46402,17.7990099999999,north,short_plants,small_area,Other microphyllous-leaved woody plants,1.8,1.6,2.0,1.7,
ghau_1,C,2024-02-25 00:00:00,-19.46402,17.7990099999999,north,short_plants,small_area,Other microphyllous-leaved woody plants,0.8,0.8,0.5,0.15,
ghau_1,C,2024-02-25 00:00:00,-19.46402,17.7990099999999,north,short_plants,small_area,Other broad-leaved woody plants,1.25,0.85,1.25,0.8,
ghau_1,C,2024-02-25 00:00:00,-19.46402,17.7990099999999,north,short_plants,small_area,Other broad-leaved woody plants,1.3,0.5,0.5,0.55,
ghau_1,C,2024-02-25 00:00:00,-19.46402,17.7990099999999,north,short_plants,small_area,Other broad-leaved woody plants,0.55,0.3,0.8,0.9,
ghau_1,C,2024-02-25 00:00:00,-19.46402,17.7990099999999,north,short_plants,small_area,Other microphyllous-leaved woody plants,1.65,1.65,1.0,0.9,
ghau_1,C,2024-02-25 00:00:00,-19.46402,17.7990099999999,north,short_plants,small_area,Other broad-leaved woody plants,1.3,1.3,1.0,0.85,
ghau_1,C,2024-02-25 00:00:00,-19.46402,17.7990099999999,north,short_plants,small_area,Other broad-leaved woody plants,1.0,0.45,1.2,0.8,
ghau_1,C,2024-02-25 00:00:00,-19.46402,17.7990099999999,north,short_plants,small_area,Other broad-leaved woody plants,2.2,0.8,2.1,2.1,
ghau_1,C,2024-02-25 00:00:00,-19.46402,17.7990099999999,north,short_plants,small_area,Other broad-leaved woody plants,0.6,0.6,0.4,0.1,
ghau_1,C,2024-02-25 00:00:00,-19.46402,17.7990099999999,north,short_plants,small_area,Other broad-leaved woody plants,0.6,0.6,0.1,0.1,
ghau_1,C,2024-02-25 00:00:00,-19.46402,17.7990099999999,north,tall_plants,large_area,Other broad-leaved woody plants,3.1,2.5,3.8,2.2,
ghau_1,C,2024-02-25 00:00:00,-19.46402,17.7990099999999,north,tall_plants,large_area,Other microphyllous-leaved woody plants,2.8,2.8,3.7,1.7,
ghau_1,C,2024-02-25 00:00:00,-19.46402,17.7990099999999,north,tall_plants,large_area,Other microphyllous-leaved woody plants,4.2,3.5,1.9,1.6,
ghau_1,C,2024-02-25 00:00:00,-19.46402,17.7990099999999,north,tall_plants,large_area,Other microphyllous-leaved woody plants,3.7,2.5,3.0,3.7,
ghau_1,C,2024-02-25 00:00:00,-19.46402,17.7990099999999,north,tall_plants,large_area,Other microphyllous-leaved woody plants,3.2,3.2,2.1,2.3,
ghau_1,C,2024-02-25 00:00:00,-19.46402,17.7990099999999,north,tall_plants,large_area,Vachellia/Acacia reficiens,5.0,5.0,5.2,3.5,
ghau_1,C,2024-02-25 00:00:00,-19.46402,17.7990099999999,north,tall_plants,large_area,Other microphyllous-leaved woody plants,3.2,3.0,2.9,3.0,
ghau_1,C,2024-02-25 00:00:00,-19.46402,17.7990099999999,north,tall_plants,large_area,Other broad-leaved woody plants,3.1,3.0,3.8,3.5,
ghau_1,C,2024-02-25 00:00:00,-19.46402,17.7990099999999,north,tall_plants,large_area,Other broad-leaved woody plants,3.8,3.6,4.1,3.6,
ghau_1,C,2024-02-25 00:00:00,-19.46402,17.7990099999999,south,short_plants,small_area,Other broad-leaved woody plants,1.4,0.6,0.6,0.5,
ghau_1,C,2024-02-25 00:00:00,-19.46402,17.7990099999999,south,short_plants,small_area,Other broad-leaved woody plants,1.6,1.0,1.2,0.7,
ghau_1,C,2024-02-25 00:00:00,-19.46402,17.7990099999999,south,short_plants,small_area,Other broad-leaved woody plants,0.85,0.4,0.45,0.25,
ghau_1,C,2024-02-25 00:00:00,-19.46402,17.7990099999999,south,short_plants,small_area,Other broad-leaved woody plants,0.7,0.7,0.35,0.2,
ghau_1,C,2024-02-25 00:00:00,-19.46402,17.7990099999999,south,short_plants,small_area,Other broad-leaved woody plants,2.4,2.0,2.1,3.2,
ghau_1,C,2024-02-25 00:00:00,-19.46402,17.7990099999999,south,short_plants,small_area,Other broad-leaved woody plants,1.75,1.3,1.6,1.3,
ghau_1,C,2024-02-25 00:00:00,-19.46402,17.7990099999999,south,short_plants,small_area,Other broad-leaved woody plants,1.45,0.75,1.8,1.8,
ghau_1,C,2024-02-25 00:00:00,-19.46402,17.7990099999999,south,short_plants,small_area,Other broad-leaved woody plants,2.3,2.0,2.0,1.6,
ghau_1,C,2024-02-25 00:00:00,-19.46402,17.7990099999999,south,short_plants,small_area,Other broad-leaved woody plants,2.1,2.1,1.6,1.0,
ghau_1,C,2024-02-25 00:00:00,-19.46402,17.7990099999999,south,short_plants,small_area,Other broad-leaved woody plants,1.9,1.8,2.0,1.8,
ghau_1,C,2024-02-25 00:00:00,-19.46402,17.7990099999999,south,short_plants,small_area,Other broad-leaved woody plants,2.1,1.3,1.85,1.7,
ghau_1,C,2024-02-25 00:00:00,-19.46402,17.7990099999999,south,tall_plants,large_area,Other broad-leaved woody plants,4.5,3.5,3.5,3.0,
ghau_1,C,2024-02-25 00:00:00,-19.46402,17.7990099999999,south,tall_plants,large_area,Other microphyllous-leaved woody plants,9.0,5.5,7.5,8.0,
ghau_1,C,2024-02-25 00:00:00,-19.46402,17.7990099999999,south,tall_plants,large_area,Other microphyllous-leaved woody plants,2.7,1.8,1.5,1.4,
ghau_1,C,2024-02-25 00:00:00,-19.46402,17.7990099999999,south,tall_plants,large_area,Other broad-leaved woody plants,3.0,2.5,1.7,2.2,
ghau_1,C,2024-02-25 00:00:00,-19.46402,17.7990099999999,south,tall_plants,large_area,Other microphyllous-leaved woody plants,3.0,2.0,2.5,2.0,
ghau_1,C,2024-02-25 00:00:00,-19.46402,17.7990099999999,south,tall_plants,large_area,Other microphyllous-leaved woody plants,3.0,3.0,2.2,2.0,
ghau_1,C,2024-02-25 00:00:00,-19.46402,17.7990099999999,south,tall_plants,large_area,Vachellia/Acacia reficiens,3.2,2.0,2.7,3.0,
ghau_1,C,2024-02-25 00:00:00,-19.46402,17.7990099999999,south,tall_plants,large_area,Other broad-leaved woody plants,2.7,2.7,1.4,1.1,
ghau_1,C,2024-02-25 00:00:00,-19.46402,17.7990099999999,south,tall_plants,large_area,Other broad-leaved woody plants,3.8,3.0,1.2,1.7,
ghau_1,C,2024-02-25 00:00:00,-19.46402,17.7990099999999,south,tall_plants,large_area,Other microphyllous-leaved woody plants,3.2,3.0,1.0,1.1,
ghau_1,C,2024-02-25 00:00:00,-19.46402,17.7990099999999,south,tall_plants,large_area,Other microphyllous-leaved woody plants,3.2,2.5,1.7,1.3,
ghau_1,C,2024-02-25 00:00:00,-19.46402,17.7990099999999,south,tall_plants,large_area,Other broad-leaved woody plants,2.7,2.7,1.0,0.8,
ghau_1,C,2024-02-25 00:00:00,-19.46402,17.7990099999999,south,tall_plants,large_area,Other microphyllous-leaved woody plants,4.0,2.5,1.1,1.8,
ghau_1,C,2024-02-25 00:00:00,-19.46402,17.7990099999999,EWSN,woody_seedlings,small_x4,Terminalia sericea,,,,,0.0
ghau_1,C,2024-02-25 00:00:00,-19.46402,17.7990099999999,EWSN,woody_seedlings,small_x4,Vachellia/Acacia reficiens,,,,,0.0
ghau_1,C,2024-02-25 00:00:00,-19.46402,17.7990099999999,EWSN,woody_seedlings,small_x4,Senegalia/Acacia mellifera,,,,,65.0
ghau_1,C,2024-02-25 00:00:00,-19.46402,17.7990099999999,EWSN,woody_seedlings,small_x4,Other microphyllous-leaved woody plants,,,,,183.0
ghau_1,C,2024-02-25 00:00:00,-19.46402,17.7990099999999,EWSN,woody_seedlings,small_x4,Other broad-leaved woody plants,,,,,204.0
ghau_2,C,2024-02-24 00:00:00,-19.45181,17.8007,east,short_plants,small_area,Other microphyllous-leaved woody plants,0.6,0.6,0.25,0.1,
ghau_2,C,2024-02-24 00:00:00,-19.45181,17.8007,east,short_plants,small_area,Other broad-leaved woody plants,0.6,0.2,0.22,0.13,
ghau_2,C,2024-02-24 00:00:00,-19.45181,17.8007,east,short_plants,small_area,Other broad-leaved woody plants,0.55,0.2,0.6,0.65,
ghau_2,C,2024-02-24 00:00:00,-19.45181,17.8007,east,short_plants,small_area,Other microphyllous-leaved woody plants,0.6,0.1,0.3,0.35,
ghau_2,C,2024-02-24 00:00:00,-19.45181,17.8007,east,short_plants,small_area,Other broad-leaved woody plants,0.75,0.5,0.45,0.3,
ghau_2,C,2024-02-24 00:00:00,-19.45181,17.8007,west,short_plants,small_area,Other broad-leaved woody plants,0.8,0.55,0.9,0.55,
ghau_2,C,2024-02-24 00:00:00,-19.45181,17.8007,west,short_plants,small_area,Other broad-leaved woody plants,0.95,0.3,0.75,0.5,
ghau_2,C,2024-02-24 00:00:00,-19.45181,17.8007,west,short_plants,small_area,Other broad-leaved woody plants,1.05,0.7,0.6,0.8,
ghau_2,C,2024-02-24 00:00:00,-19.45181,17.8007,south,short_plants,small_area,Other broad-leaved woody plants,0.7,0.7,0.15,0.15,
ghau_2,C,2024-02-24 00:00:00,-19.45181,17.8007,south,short_plants,small_area,Other microphyllous-leaved woody plants,0.9,0.7,0.9,0.9,
ghau_2,C,2024-02-24 00:00:00,-19.45181,17.8007,north,short_plants,small_area,Other broad-leaved woody plants,1.2,0.95,1.0,0.7,
ghau_2,C,2024-02-24 00:00:00,-19.45181,17.8007,north,short_plants,small_area,Other broad-leaved woody plants,1.1,0.7,0.65,0.8,
ghau_2,C,2024-02-24 00:00:00,-19.45181,17.8007,EWSN,woody_seedlings,small_x4,Terminalia sericea,,,,,0.0
ghau_2,C,2024-02-24 00:00:00,-19.45181,17.8007,EWSN,woody_seedlings,small_x4,Vachellia/Acacia reficiens,,,,,0.0
ghau_2,C,2024-02-24 00:00:00,-19.45181,17.8007,EWSN,woody_seedlings,small_x4,Senegalia/Acacia mellifera,,,,,0.0
ghau_2,C,2024-02-24 00:00:00,-19.45181,17.8007,EWSN,woody_seedlings,small_x4,Other microphyllous-leaved woody plants,,,,,32.0
ghau_2,C,2024-02-24 00:00:00,-19.45181,17.8007,EWSN,woody_seedlings,small_x4,Other broad-leaved woody plants,,,,,52.0
ghau_3,C,2024-02-24 00:00:00,-19.4272,17.75128,east,short_plants,small_area,Other microphyllous-leaved woody plants,0.9,0.85,1.0,0.95,
ghau_3,C,2024-02-24 00:00:00,-19.4272,17.75128,east,short_plants,small_area,Other microphyllous-leaved woody plants,1.6,0.85,1.25,1.0,
ghau_3,C,2024-02-24 00:00:00,-19.4272,17.75128,east,short_plants,small_area,Other microphyllous-leaved woody plants,1.0,0.75,1.5,0.6,
ghau_3,C,2024-02-24 00:00:00,-19.4272,17.75128,east,short_plants,small_area,Other microphyllous-leaved woody plants,1.45,0.3,1.6,0.7,
ghau_3,C,2024-02-24 00:00:00,-19.4272,17.75128,east,short_plants,small_area,Other microphyllous-leaved woody plants,0.7,0.4,0.55,0.3,
ghau_3,C,2024-02-24 00:00:00,-19.4272,17.75128,east,short_plants,small_area,Other microphyllous-leaved woody plants,1.45,1.0,1.25,1.0,
ghau_3,C,2024-02-24 00:00:00,-19.4272,17.75128,east,short_plants,small_area,Other microphyllous-leaved woody plants,1.2,1.0,0.65,0.65,
ghau_3,C,2024-02-24 00:00:00,-19.4272,17.75128,east,short_plants,small_area,Other microphyllous-leaved woody plants,2.0,1.5,2.1,1.5,
ghau_3,C,2024-02-24 00:00:00,-19.4272,17.75128,east,short_plants,small_area,Other microphyllous-leaved woody plants,1.45,0.6,0.95,0.85,
ghau_3,C,2024-02-24 00:00:00,-19.4272,17.75128,east,short_plants,small_area,Other microphyllous-leaved woody plants,1.9,1.1,1.8,1.7,
ghau_3,C,2024-02-24 00:00:00,-19.4272,17.75128,east,short_plants,small_area,Other microphyllous-leaved woody plants,1.55,0.8,1.6,1.3,
ghau_3,C,2024-02-24 00:00:00,-19.4272,17.75128,east,short_plants,small_area,Other microphyllous-leaved woody plants,1.2,0.9,0.95,0.7,
ghau_3,C,2024-02-24 00:00:00,-19.4272,17.75128,east,short_plants,small_area,Other microphyllous-leaved woody plants,1.2,0.8,1.35,1.1,
ghau_3,C,2024-02-24 00:00:00,-19.4272,17.75128,east,short_plants,small_area,Other broad-leaved woody plants,0.9,0.6,1.0,0.6,
ghau_3,C,2024-02-24 00:00:00,-19.4272,17.75128,east,short_plants,small_area,Other broad-leaved woody plants,1.6,1.4,1.7,2.0,
ghau_3,C,2024-02-24 00:00:00,-19.4272,17.75128,east,short_plants,small_area,Other broad-leaved woody plants,1.0,0.8,1.0,0.6,
ghau_3,C,2024-02-24 00:00:00,-19.4272,17.75128,east,short_plants,small_area,Other microphyllous-leaved woody plants,1.4,1.2,0.8,1.3,
ghau_3,C,2024-02-24 00:00:00,-19.4272,17.75128,east,short_plants,small_area,Other broad-leaved woody plants,1.4,1.1,2.3,2.1,
ghau_3,C,2024-02-24 00:00:00,-19.4272,17.75128,east,short_plants,small_area,Other broad-leaved woody plants,1.25,0.5,1.75,0.6,
ghau_3,C,2024-02-24 00:00:00,-19.4272,17.75128,east,short_plants,small_area,Other broad-leaved woody plants,1.8,1.2,2.1,1.1,
ghau_3,C,2024-02-24 00:00:00,-19.4272,17.75128,east,short_plants,small_area,Other broad-leaved woody plants,1.4,0.9,2.4,1.0,
ghau_3,C,2024-02-24 00:00:00,-19.4272,17.75128,east,short_plants,small_area,Other microphyllous-leaved woody plants,1.0,0.9,1.0,0.6,
ghau_3,C,2024-02-24 00:00:00,-19.4272,17.75128,east,short_plants,small_area,Other broad-leaved woody plants,1.6,1.1,2.0,2.1,
ghau_3,C,2024-02-24 00:00:00,-19.4272,17.75128,east,tall_plants,large_area,Other microphyllous-leaved woody plants,2.7,1.7,3.0,3.3,
ghau_3,C,2024-02-24 00:00:00,-19.4272,17.75128,east,tall_plants,large_area,Other microphyllous-leaved woody plants,2.7,1.15,3.0,3.5,
ghau_3,C,2024-02-24 00:00:00,-19.4272,17.75128,east,tall_plants,large_area,Other microphyllous-leaved woody plants,3.3,1.7,1.8,2.0,
ghau_3,C,2024-02-24 00:00:00,-19.4272,17.75128,east,tall_plants,large_area,Other microphyllous-leaved woody plants,2.7,1.2,3.5,3.5,
ghau_3,C,2024-02-24 00:00:00,-19.4272,17.75128,east,tall_plants,large_area,Terminalia sericea,8.0,7.0,3.5,4.0,
ghau_3,C,2024-02-24 00:00:00,-19.4272,17.75128,east,tall_plants,large_area,Other microphyllous-leaved woody plants,2.7,1.6,3.0,3.0,
ghau_3,C,2024-02-24 00:00:00,-19.4272,17.75128,west,short_plants,small_area,Other microphyllous-leaved woody plants,0.6,0.4,0.7,0.3,
ghau_3,C,2024-02-24 00:00:00,-19.4272,17.75128,west,short_plants,small_area,Other microphyllous-leaved woody plants,2.1,0.9,1.7,1.1,
ghau_3,C,2024-02-24 00:00:00,-19.4272,17.75128,west,short_plants,small_area,Other microphyllous-leaved woody plants,1.6,1.1,1.2,0.9,
ghau_3,C,2024-02-24 00:00:00,-19.4272,17.75128,west,short_plants,small_area,Other microphyllous-leaved woody plants,1.5,1.35,1.45,1.3,
ghau_3,C,2024-02-24 00:00:00,-19.4272,17.75128,west,short_plants,small_area,Other microphyllous-leaved woody plants,1.0,0.7,1.0,0.9,
ghau_3,C,2024-02-24 00:00:00,-19.4272,17.75128,west,short_plants,small_area,Other microphyllous-leaved woody plants,0.95,0.9,0.25,0.3,
ghau_3,C,2024-02-24 00:00:00,-19.4272,17.75128,west,short_plants,small_area,Other broad-leaved woody plants,1.45,0.6,1.4,0.95,
ghau_3,C,2024-02-24 00:00:00,-19.4272,17.75128,west,short_plants,small_area,Other broad-leaved woody plants,1.3,0.4,1.5,1.3,
ghau_3,C,2024-02-24 00:00:00,-19.4272,17.75128,west,short_plants,small_area,Other microphyllous-leaved woody plants,1.0,0.5,0.9,0.95,
ghau_3,C,2024-02-24 00:00:00,-19.4272,17.75128,west,short_plants,small_area,Other microphyllous-leaved woody plants,0.8,0.3,0.95,0.6,
ghau_3,C,2024-02-24 00:00:00,-19.4272,17.75128,west,short_plants,small_area,Other microphyllous-leaved woody plants,0.8,0.5,0.8,0.6,
ghau_3,C,2024-02-24 00:00:00,-19.4272,17.75128,west,short_plants,small_area,Other microphyllous-leaved woody plants,1.25,0.9,1.2,1.4,
ghau_3,C,2024-02-24 00:00:00,-19.4272,17.75128,west,short_plants,small_area,Other microphyllous-leaved woody plants,0.8,0.4,0.9,0.55,
ghau_3,C,2024-02-24 00:00:00,-19.4272,17.75128,west,short_plants,small_area,Other microphyllous-leaved woody plants,2.0,1.3,1.5,1.3,
ghau_3,C,2024-02-24 00:00:00,-19.4272,17.75128,west,short_plants,small_area,Other broad-leaved woody plants,1.5,0.7,1.2,0.8,
ghau_3,C,2024-02-24 00:00:00,-19.4272,17.75128,west,short_plants,small_area,Other microphyllous-leaved woody plants,1.4,0.8,1.1,0.6,
ghau_3,C,2024-02-24 00:00:00,-19.4272,17.75128,west,short_plants,small_area,Other broad-leaved woody plants,1.3,0.35,1.2,1.3,
ghau_3,C,2024-02-24 00:00:00,-19.4272,17.75128,west,short_plants,small_area,Other microphyllous-leaved woody plants,0.95,0.8,0.45,0.7,
ghau_3,C,2024-02-24 00:00:00,-19.4272,17.75128,west,short_plants,small_area,Other microphyllous-leaved woody plants,1.6,0.7,1.3,0.6,
ghau_3,C,2024-02-24 00:00:00,-19.4272,17.75128,west,short_plants,small_area,Other microphyllous-leaved woody plants,2.2,0.85,1.0,1.7,
ghau_3,C,2024-02-24 00:00:00,-19.4272,17.75128,west,short_plants,small_area,Other microphyllous-leaved woody plants,2.45,1.85,2.0,2.1,
ghau_3,C,2024-02-24 00:00:00,-19.4272,17.75128,west,short_plants,small_area,Other microphyllous-leaved woody plants,0.9,0.4,1.2,0.9,
ghau_3,C,2024-02-24 00:00:00,-19.4272,17.75128,west,tall_plants,large_area,Terminalia sericea,8.5,8.0,7.5,7.0,
ghau_3,C,2024-02-24 00:00:00,-19.4272,17.75128,west,tall_plants,large_area,Terminalia sericea,8.0,7.5,4.0,7.0,
ghau_3,C,2024-02-24 00:00:00,-19.4272,17.75128,west,tall_plants,large_area,Other microphyllous-leaved woody plants,2.7,1.2,2.0,2.1,
ghau_3,C,2024-02-24 00:00:00,-19.4272,17.75128,north,short_plants,small_area,Other broad-leaved woody plants,0.7,0.3,0.9,0.5,
ghau_3,C,2024-02-24 00:00:00,-19.4272,17.75128,north,short_plants,small_area,Other broad-leaved woody plants,0.95,0.4,1.2,0.5,
ghau_3,C,2024-02-24 00:00:00,-19.4272,17.75128,north,short_plants,small_area,Other broad-leaved woody plants,1.1,0.9,1.5,0.9,
ghau_3,C,2024-02-24 00:00:00,-19.4272,17.75128,north,short_plants,small_area,Other microphyllous-leaved woody plants,0.8,0.8,0.4,0.25,
ghau_3,C,2024-02-24 00:00:00,-19.4272,17.75128,north,short_plants,small_area,Other broad-leaved woody plants,0.55,0.3,1.8,0.9,
ghau_3,C,2024-02-24 00:00:00,-19.4272,17.75128,north,short_plants,small_area,Other broad-leaved woody plants,1.4,1.4,1.1,0.9,
ghau_3,C,2024-02-24 00:00:00,-19.4272,17.75128,north,short_plants,small_area,Other broad-leaved woody plants,0.9,0.5,0.45,0.4,
ghau_3,C,2024-02-24 00:00:00,-19.4272,17.75128,north,short_plants,small_area,Other broad-leaved woody plants,1.85,1.1,0.95,1.1,
ghau_3,C,2024-02-24 00:00:00,-19.4272,17.75128,north,short_plants,small_area,Other broad-leaved woody plants,1.15,0.8,1.2,0.35,
ghau_3,C,2024-02-24 00:00:00,-19.4272,17.75128,north,short_plants,small_area,Other broad-leaved woody plants,1.8,1.0,1.7,1.7,
ghau_3,C,2024-02-24 00:00:00,-19.4272,17.75128,north,short_plants,small_area,Other broad-leaved woody plants,1.55,0.75,1.4,1.15,
ghau_3,C,2024-02-24 00:00:00,-19.4272,17.75128,north,short_plants,small_area,Other broad-leaved woody plants,1.25,0.7,1.0,0.9,
ghau_3,C,2024-02-24 00:00:00,-19.4272,17.75128,north,short_plants,small_area,Other broad-leaved woody plants,1.2,0.7,1.9,0.5,
ghau_3,C,2024-02-24 00:00:00,-19.4272,17.75128,north,short_plants,small_area,Other broad-leaved woody plants,1.8,1.3,1.6,1.1,
ghau_3,C,2024-02-24 00:00:00,-19.4272,17.75128,north,short_plants,small_area,Other broad-leaved woody plants,0.8,0.8,0.7,0.7,
ghau_3,C,2024-02-24 00:00:00,-19.4272,17.75128,north,short_plants,small_area,Other broad-leaved woody plants,1.1,0.55,1.6,1.5,
ghau_3,C,2024-02-24 00:00:00,-19.4272,17.75128,north,short_plants,small_area,Other broad-leaved woody plants,1.7,0.9,1.15,1.0,
ghau_3,C,2024-02-24 00:00:00,-19.4272,17.75128,north,short_plants,small_area,Other broad-leaved woody plants,0.7,0.7,0.7,0.5,
ghau_3,C,2024-02-24 00:00:00,-19.4272,17.75128,north,short_plants,small_area,Other microphyllous-leaved woody plants,1.05,0.9,0.85,0.8,
ghau_3,C,2024-02-24 00:00:00,-19.4272,17.75128,north,short_plants,small_area,Other microphyllous-leaved woody plants,1.8,1.0,0.6,0.6,
ghau_3,C,2024-02-24 00:00:00,-19.4272,17.75128,north,short_plants,small_area,Other broad-leaved woody plants,2.2,1.1,1.5,1.95,
ghau_3,C,2024-02-24 00:00:00,-19.4272,17.75128,north,short_plants,small_area,Other microphyllous-leaved woody plants,1.2,0.5,0.8,0.7,
ghau_3,C,2024-02-24 00:00:00,-19.4272,17.75128,north,short_plants,small_area,Other broad-leaved woody plants,1.2,0.9,1.6,1.1,
ghau_3,C,2024-02-24 00:00:00,-19.4272,17.75128,north,short_plants,small_area,Other broad-leaved woody plants,1.3,0.8,1.7,1.1,
ghau_3,C,2024-02-24 00:00:00,-19.4272,17.75128,north,short_plants,small_area,Other microphyllous-leaved woody plants,1.4,1.35,1.1,1.0,
ghau_3,C,2024-02-24 00:00:00,-19.4272,17.75128,north,short_plants,small_area,Other broad-leaved woody plants,0.7,0.7,0.45,0.3,
ghau_3,C,2024-02-24 00:00:00,-19.4272,17.75128,north,short_plants,small_area,Other microphyllous-leaved woody plants,1.15,1.0,0.75,1.05,
ghau_3,C,2024-02-24 00:00:00,-19.4272,17.75128,north,short_plants,small_area,Other microphyllous-leaved woody plants,1.1,0.65,1.3,1.4,
ghau_3,C,2024-02-24 00:00:00,-19.4272,17.75128,north,short_plants,small_area,Other microphyllous-leaved woody plants,0.95,0.65,1.1,0.9,
ghau_3,C,2024-02-24 00:00:00,-19.4272,17.75128,north,short_plants,small_area,Other broad-leaved woody plants,1.35,0.5,2.2,1.6,
ghau_3,C,2024-02-24 00:00:00,-19.4272,17.75128,north,short_plants,small_area,Other microphyllous-leaved woody plants,1.15,0.6,1.55,1.1,
ghau_3,C,2024-02-24 00:00:00,-19.4272,17.75128,north,short_plants,small_area,Other broad-leaved woody plants,1.0,0.3,1.3,1.0,
ghau_3,C,2024-02-24 00:00:00,-19.4272,17.75128,north,short_plants,small_area,Other microphyllous-leaved woody plants,1.55,1.1,1.0,0.8,
ghau_3,C,2024-02-24 00:00:00,-19.4272,17.75128,north,short_plants,small_area,Other broad-leaved woody plants,1.55,0.5,2.1,1.6,
ghau_3,C,2024-02-24 00:00:00,-19.4272,17.75128,north,tall_plants,large_area,Terminalia sericea,9.0,7.5,9.5,9.0,
ghau_3,C,2024-02-24 00:00:00,-19.4272,17.75128,north,tall_plants,large_area,Other microphyllous-leaved woody plants,2.75,1.1,4.5,5.0,
ghau_3,C,2024-02-24 00:00:00,-19.4272,17.75128,north,tall_plants,large_area,Terminalia sericea,8.0,5.5,6.0,4.0,
ghau_3,C,2024-02-24 00:00:00,-19.4272,17.75128,south,short_plants,small_area,Other microphyllous-leaved woody plants,1.3,0.8,1.3,1.3,
ghau_3,C,2024-02-24 00:00:00,-19.4272,17.75128,south,short_plants,small_area,Other microphyllous-leaved woody plants,1.5,1.0,1.0,0.9,
ghau_3,C,2024-02-24 00:00:00,-19.4272,17.75128,south,short_plants,small_area,Other microphyllous-leaved woody plants,0.9,0.7,0.9,0.7,
ghau_3,C,2024-02-24 00:00:00,-19.4272,17.75128,south,short_plants,small_area,Other broad-leaved woody plants,0.8,0.8,0.8,0.75,
ghau_3,C,2024-02-24 00:00:00,-19.4272,17.75128,south,short_plants,small_area,Other microphyllous-leaved woody plants,0.6,0.6,0.7,0.25,
ghau_3,C,2024-02-24 00:00:00,-19.4272,17.75128,south,short_plants,small_area,Other microphyllous-leaved woody plants,2.0,1.4,2.0,1.4,
ghau_3,C,2024-02-24 00:00:00,-19.4272,17.75128,south,short_plants,small_area,Other broad-leaved woody plants,0.65,0.55,0.8,0.5,
ghau_3,C,2024-02-24 00:00:00,-19.4272,17.75128,south,short_plants,small_area,Other broad-leaved woody plants,1.1,0.2,1.25,1.0,
ghau_3,C,2024-02-24 00:00:00,-19.4272,17.75128,south,short_plants,small_area,Other microphyllous-leaved woody plants,1.4,1.35,0.8,0.25,
ghau_3,C,2024-02-24 00:00:00,-19.4272,17.75128,south,short_plants,small_area,Other broad-leaved woody plants,1.85,0.65,2.1,1.3,
ghau_3,C,2024-02-24 00:00:00,-19.4272,17.75128,south,short_plants,small_area,Other broad-leaved woody plants,1.7,1.5,2.6,2.3,
ghau_3,C,2024-02-24 00:00:00,-19.4272,17.75128,south,short_plants,small_area,Other microphyllous-leaved woody plants,1.6,0.7,0.7,0.25,
ghau_3,C,2024-02-24 00:00:00,-19.4272,17.75128,south,short_plants,small_area,Other broad-leaved woody plants,2.0,1.35,2.0,2.1,
ghau_3,C,2024-02-24 00:00:00,-19.4272,17.75128,south,tall_plants,large_area,Other microphyllous-leaved woody plants,2.7,1.7,2.3,2.6,
ghau_3,C,2024-02-24 00:00:00,-19.4272,17.75128,south,tall_plants,large_area,Terminalia sericea,7.5,7.3,4.0,3.0,
ghau_3,C,2024-02-24 00:00:00,-19.4272,17.75128,south,tall_plants,large_area,Other microphyllous-leaved woody plants,2.6,1.3,1.8,1.6,
ghau_3,C,2024-02-24 00:00:00,-19.4272,17.75128,EWSN,woody_seedlings,small_x4,Terminalia sericea,,,,,39.0
ghau_3,C,2024-02-24 00:00:00,-19.4272,17.75128,EWSN,woody_seedlings,small_x4,Vachellia/Acacia reficiens,,,,,0.0
ghau_3,C,2024-02-24 00:00:00,-19.4272,17.75128,EWSN,woody_seedlings,small_x4,Senegalia/Acacia mellifera,,,,,1.0
ghau_3,C,2024-02-24 00:00:00,-19.4272,17.75128,EWSN,woody_seedlings,small_x4,Other microphyllous-leaved woody plants,,,,,105.0
ghau_3,C,2024-02-24 00:00:00,-19.4272,17.75128,EWSN,woody_seedlings,small_x4,Other broad-leaved woody plants,,,,,22.0
kmqs_1,C,2024-03-02 00:00:00,-17.57573,24.26436,north,short_plants,small_area,Other broad-leaved woody plants,0.52,0.45,0.5,0.4,
kmqs_1,C,2024-03-02 00:00:00,-17.57573,24.26436,north,short_plants,small_area,Other broad-leaved woody plants,0.83,0.68,0.45,0.24,
kmqs_1,C,2024-03-02 00:00:00,-17.57573,24.26436,north,short_plants,small_area,Other broad-leaved woody plants,1.37,1.05,0.67,0.49,
kmqs_1,C,2024-03-02 00:00:00,-17.57573,24.26436,north,short_plants,small_area,Other broad-leaved woody plants,1.0,0.94,0.45,0.4,
kmqs_1,C,2024-03-02 00:00:00,-17.57573,24.26436,north,short_plants,small_area,Other broad-leaved woody plants,1.07,0.88,0.6,0.51,
kmqs_1,C,2024-03-02 00:00:00,-17.57573,24.26436,north,short_plants,small_area,Other broad-leaved woody plants,1.53,1.47,0.97,0.46,
kmqs_1,C,2024-03-02 00:00:00,-17.57573,24.26436,north,short_plants,small_area,Other broad-leaved woody plants,1.3,0.89,0.42,0.36,
kmqs_1,C,2024-03-02 00:00:00,-17.57573,24.26436,north,short_plants,small_area,Other broad-leaved woody plants,1.8,1.1,1.98,0.74,
kmqs_1,C,2024-03-02 00:00:00,-17.57573,24.26436,north,short_plants,small_area,Other broad-leaved woody plants,1.59,1.25,1.45,0.7,
kmqs_1,C,2024-03-02 00:00:00,-17.57573,24.26436,north,short_plants,small_area,Other broad-leaved woody plants,1.4,1.3,1.0,0.88,
kmqs_1,C,2024-03-02 00:00:00,-17.57573,24.26436,north,short_plants,small_area,Other broad-leaved woody plants,1.1,0.7,1.14,0.99,
kmqs_1,C,2024-03-02 00:00:00,-17.57573,24.26436,north,short_plants,small_area,Other broad-leaved woody plants,2.45,1.8,0.9,0.6,
kmqs_1,C,2024-03-02 00:00:00,-17.57573,24.26436,north,short_plants,small_area,Other broad-leaved woody plants,2.5,2.2,1.5,1.0,
kmqs_1,C,2024-03-02 00:00:00,-17.57573,24.26436,north,short_plants,small_area,Other broad-leaved woody plants,1.3,0.44,1.1,0.75,
kmqs_1,C,2024-03-02 00:00:00,-17.57573,24.26436,north,short_plants,small_area,Other broad-leaved woody plants,1.9,0.66,0.83,0.5,
kmqs_1,C,2024-03-02 00:00:00,-17.57573,24.26436,north,short_plants,small_area,Other broad-leaved woody plants,1.4,0.9,0.8,0.6,
kmqs_1,C,2024-03-02 00:00:00,-17.57573,24.26436,north,short_plants,small_area,Other broad-leaved woody plants,0.9,0.53,0.6,0.5,
kmqs_1,C,2024-03-02 00:00:00,-17.57573,24.26436,north,short_plants,small_area,Other broad-leaved woody plants,1.57,1.1,0.87,0.65,
kmqs_1,C,2024-03-02 00:00:00,-17.57573,24.26436,north,short_plants,small_area,Other broad-leaved woody plants,2.1,1.25,0.7,0.5,
kmqs_1,C,2024-03-02 00:00:00,-17.57573,24.26436,north,short_plants,small_area,Other broad-leaved woody plants,1.5,0.9,0.8,0.55,
kmqs_1,C,2024-03-02 00:00:00,-17.57573,24.26436,north,short_plants,small_area,Other broad-leaved woody plants,1.75,0.8,0.97,0.7,
kmqs_1,C,2024-03-02 00:00:00,-17.57573,24.2643599999999,north,short_plants,small_area,Other broad-leaved woody plants,1.6,1.4,0.8,0.6,
kmqs_1,C,2024-03-02 00:00:00,-17.57573,24.2643599999999,north,short_plants,small_area,Other broad-leaved woody plants,1.95,1.5,0.9,0.5,
kmqs_1,C,2024-03-02 00:00:00,-17.57573,24.2643599999999,north,short_plants,small_area,Other broad-leaved woody plants,1.4,1.1,0.6,0.4,
kmqs_1,C,2024-03-02 00:00:00,-17.57573,24.2643599999999,north,short_plants,small_area,Other broad-leaved woody plants,1.5,1.16,0.6,0.46,
kmqs_1,C,2024-03-02 00:00:00,-17.57573,24.2643599999999,north,short_plants,small_area,Other broad-leaved woody plants,1.8,1.1,0.7,0.55,
kmqs_1,C,2024-03-02 00:00:00,-17.57573,24.2643599999999,north,short_plants,small_area,Other broad-leaved woody plants,1.87,1.0,1.6,1.0,
kmqs_1,C,2024-03-02 00:00:00,-17.57573,24.2643599999999,north,short_plants,small_area,Other broad-leaved woody plants,1.8,1.2,0.5,0.3,
kmqs_1,C,2024-03-02 00:00:00,-17.57573,24.2643599999999,north,short_plants,small_area,Other broad-leaved woody plants,1.75,1.37,1.2,0.74,
kmqs_1,C,2024-03-02 00:00:00,-17.57573,24.2643599999999,north,short_plants,small_area,Other broad-leaved woody plants,0.7,0.4,0.4,0.33,
kmqs_1,C,2024-03-02 00:00:00,-17.57573,24.2643599999999,north,tall_plants,large_area,Other broad-leaved woody plants,7.9,6.0,6.9,4.7,
kmqs_1,C,2024-03-02 00:00:00,-17.57573,24.2643599999999,north,tall_plants,large_area,Other broad-leaved woody plants,3.0,2.3,1.5,1.1,
kmqs_1,C,2024-03-02 00:00:00,-17.57573,24.2643599999999,north,tall_plants,large_area,Other broad-leaved woody plants,2.9,2.5,1.7,1.38,
kmqs_1,C,2024-03-02 00:00:00,-17.57573,24.2643599999999,north,tall_plants,large_area,Other broad-leaved woody plants,2.6,1.85,2.2,1.4,
kmqs_1,C,2024-03-02 00:00:00,-17.57573,24.2643599999999,east,short_plants,small_area,Other broad-leaved woody plants,1.95,1.6,0.9,0.8,
kmqs_1,C,2024-03-02 00:00:00,-17.57573,24.2643599999999,east,short_plants,small_area,Other broad-leaved woody plants,2.2,1.2,1.5,1.1,
kmqs_1,C,2024-03-02 00:00:00,-17.57573,24.2643599999999,east,short_plants,small_area,Other broad-leaved woody plants,1.4,1.15,0.9,0.5,
kmqs_1,C,2024-03-02 00:00:00,-17.57573,24.2643599999999,east,short_plants,small_area,Terminalia sericea,1.8,1.25,2.7,2.3,
kmqs_1,C,2024-03-02 00:00:00,-17.57573,24.2643599999999,east,short_plants,small_area,Other broad-leaved woody plants,1.5,1.0,0.77,0.6,
kmqs_1,C,2024-03-02 00:00:00,-17.57573,24.2643599999999,east,short_plants,small_area,Other broad-leaved woody plants,1.3,1.2,0.5,0.4,
kmqs_1,C,2024-03-02 00:00:00,-17.57573,24.2643599999999,east,short_plants,small_area,Other broad-leaved woody plants,1.2,0.8,0.6,0.44,
kmqs_1,C,2024-03-02 00:00:00,-17.57573,24.2643599999999,east,short_plants,small_area,Other broad-leaved woody plants,1.0,0.7,0.9,0.6,
kmqs_1,C,2024-03-02 00:00:00,-17.57573,24.2643599999999,east,short_plants,small_area,Other broad-leaved woody plants,0.8,0.35,1.1,0.6,
kmqs_1,C,2024-03-02 00:00:00,-17.57573,24.2643599999999,east,short_plants,small_area,Other broad-leaved woody plants,2.26,0.8,1.3,1.0,
kmqs_1,C,2024-03-02 00:00:00,-17.57573,24.2643599999999,east,short_plants,small_area,Other broad-leaved woody plants,1.5,1.1,0.7,0.8,
kmqs_1,C,2024-03-02 00:00:00,-17.57573,24.2643599999999,east,short_plants,small_area,Other broad-leaved woody plants,1.7,1.5,0.9,0.8,
kmqs_1,C,2024-03-02 00:00:00,-17.57573,24.2643599999999,east,short_plants,small_area,Other broad-leaved woody plants,1.3,0.7,1.24,1.0,
kmqs_1,C,2024-03-02 00:00:00,-17.57573,24.2643599999999,east,short_plants,small_area,Other broad-leaved woody plants,1.1,0.54,1.3,1.1,
kmqs_1,C,2024-03-02 00:00:00,-17.57573,24.2643599999999,east,short_plants,small_area,Other broad-leaved woody plants,0.7,0.23,0.6,0.46,
kmqs_1,C,2024-03-02 00:00:00,-17.57573,24.2643599999999,east,short_plants,small_area,Other broad-leaved woody plants,1.2,0.85,1.1,0.8,
kmqs_1,C,2024-03-02 00:00:00,-17.57573,24.2643599999999,east,short_plants,small_area,Other broad-leaved woody plants,1.2,0.5,1.0,0.7,
kmqs_1,C,2024-03-02 00:00:00,-17.57573,24.2643599999999,east,short_plants,small_area,Other broad-leaved woody plants,1.3,0.55,1.1,0.7,
kmqs_1,C,2024-03-02 00:00:00,-17.57573,24.2643599999999,east,short_plants,small_area,Other broad-leaved woody plants,1.9,1.0,1.4,1.1,
kmqs_1,C,2024-03-02 00:00:00,-17.57573,24.2643599999999,east,short_plants,small_area,Other broad-leaved woody plants,1.1,0.5,1.0,0.7,
kmqs_1,C,2024-03-02 00:00:00,-17.57573,24.2643599999999,south,short_plants,small_area,Other broad-leaved woody plants,1.2,0.74,0.59,0.32,
kmqs_1,C,2024-03-02 00:00:00,-17.57573,24.2643599999999,south,short_plants,small_area,Other broad-leaved woody plants,0.53,0.4,0.4,0.36,
kmqs_1,C,2024-03-02 00:00:00,-17.57573,24.2643599999999,south,short_plants,small_area,Other broad-leaved woody plants,0.95,0.51,1.62,1.27,
kmqs_1,C,2024-03-02 00:00:00,-17.57573,24.2643599999999,south,short_plants,small_area,Other broad-leaved woody plants,1.87,0.9,2.35,2.13,
kmqs_1,C,2024-03-02 00:00:00,-17.57573,24.2643599999999,south,short_plants,small_area,Other broad-leaved woody plants,0.76,0.48,0.65,0.5,
kmqs_1,C,2024-03-02 00:00:00,-17.57573,24.2643599999999,south,short_plants,small_area,Other broad-leaved woody plants,1.32,1.6,0.55,0.44,
kmqs_1,C,2024-03-02 00:00:00,-17.57573,24.2643599999999,south,short_plants,small_area,Other broad-leaved woody plants,0.72,0.53,1.93,1.13,
kmqs_1,C,2024-03-02 00:00:00,-17.57573,24.2643599999999,south,short_plants,small_area,Other broad-leaved woody plants,1.48,1.22,0.75,0.68,
kmqs_1,C,2024-03-02 00:00:00,-17.57573,24.2643599999999,south,short_plants,small_area,Other broad-leaved woody plants,1.1,0.77,1.76,1.57,
kmqs_1,C,2024-03-02 00:00:00,-17.57573,24.2643599999999,south,short_plants,small_area,Other broad-leaved woody plants,0.89,0.76,0.84,0.35,
kmqs_1,C,2024-03-02 00:00:00,-17.57573,24.2643599999999,south,short_plants,small_area,Other broad-leaved woody plants,0.56,0.52,1.24,0.75,
kmqs_1,C,2024-03-02 00:00:00,-17.57573,24.2643599999999,south,short_plants,small_area,Other broad-leaved woody plants,0.85,0.78,0.63,0.52,
kmqs_1,C,2024-03-02 00:00:00,-17.57573,24.2643599999999,south,short_plants,small_area,Other broad-leaved woody plants,2.29,1.32,1.64,1.23,
kmqs_1,C,2024-03-02 00:00:00,-17.57573,24.2643599999999,south,short_plants,small_area,Other broad-leaved woody plants,0.69,0.53,0.63,0.6,
kmqs_1,C,2024-03-02 00:00:00,-17.57573,24.2643599999999,south,short_plants,small_area,Other broad-leaved woody plants,1.2,0.45,0.62,0.53,
kmqs_1,C,2024-03-02 00:00:00,-17.57573,24.2643599999999,south,tall_plants,large_area,Terminalia sericea,4.0,1.22,5.63,4.95,
kmqs_1,C,2024-03-02 00:00:00,-17.57573,24.2643599999999,south,tall_plants,large_area,Other broad-leaved woody plants,2.7,2.54,2.0,1.56,
kmqs_1,C,2024-03-02 00:00:00,-17.57573,24.2643599999999,south,tall_plants,large_area,Other broad-leaved woody plants,3.1,1.63,2.88,2.42,
kmqs_1,C,2024-03-02 00:00:00,-17.57573,24.2643599999999,south,tall_plants,large_area,Other broad-leaved woody plants,2.8,1.65,1.68,1.47,
kmqs_1,C,2024-03-02 00:00:00,-17.57573,24.2643599999999,south,tall_plants,large_area,Terminalia sericea,3.8,1.24,4.82,4.47,
kmqs_1,C,2024-03-02 00:00:00,-17.57573,24.2643599999999,west,short_plants,small_area,Terminalia sericea,1.7,1.02,2.2,1.4,
kmqs_1,C,2024-03-02 00:00:00,-17.57573,24.2643599999999,west,short_plants,small_area,Other broad-leaved woody plants,0.7,0.25,0.97,0.85,
kmqs_1,C,2024-03-02 00:00:00,-17.57573,24.2643599999999,west,short_plants,small_area,Other broad-leaved woody plants,1.28,0.47,1.4,0.5,
kmqs_1,C,2024-03-02 00:00:00,-17.57573,24.2643599999999,west,short_plants,small_area,Other broad-leaved woody plants,0.88,0.36,0.99,0.6,
kmqs_1,C,2024-03-02 00:00:00,-17.57573,24.2643599999999,west,short_plants,small_area,Other broad-leaved woody plants,2.4,0.8,1.9,1.6,
kmqs_1,C,2024-03-02 00:00:00,-17.57573,24.2643599999999,west,short_plants,small_area,Other broad-leaved woody plants,0.63,0.4,0.55,0.28,
kmqs_1,C,2024-03-02 00:00:00,-17.57573,24.2643599999999,west,tall_plants,large_area,Other broad-leaved woody plants,7.0,4.0,4.2,3.4,
kmqs_1,C,2024-03-02 00:00:00,-17.57573,24.2643599999999,west,tall_plants,large_area,Other broad-leaved woody plants,2.9,2.5,3.8,2.4,
kmqs_1,C,2024-03-02 00:00:00,-17.57573,24.2643599999999,west,tall_plants,large_area,Terminalia sericea,5.0,3.0,4.5,2.8,
kmqs_1,C,2024-03-02 00:00:00,-17.57573,24.2643599999999,west,tall_plants,large_area,Other broad-leaved woody plants,6.7,2.0,3.2,2.4,
kmqs_1,C,2024-03-02 00:00:00,-17.57573,24.2643599999999,west,tall_plants,large_area,Other broad-leaved woody plants,6.5,1.9,2.3,1.7,
kmqs_1,C,2024-03-02 00:00:00,-17.57573,24.2643599999999,west,tall_plants,large_area,Other broad-leaved woody plants,6.3,1.7,2.1,1.6,
kmqs_1,C,2024-03-02 00:00:00,-17.57573,24.2643599999999,west,tall_plants,large_area,Other broad-leaved woody plants,6.0,2.0,4.0,3.5,
kmqs_1,C,2024-03-02 00:00:00,-17.57573,24.2643599999999,west,tall_plants,large_area,Other broad-leaved woody plants,6.0,2.2,4.3,3.5,
kmqs_1,C,2024-03-02 00:00:00,-17.57573,24.2643599999999,west,tall_plants,large_area,Other broad-leaved woody plants,6.0,3.0,5.4,4.8,
kmqs_1,C,2024-03-02 00:00:00,-17.57573,24.2643599999999,EWSN,woody_seedlings,small_x4,Terminalia sericea,,,,,3.0
kmqs_1,C,2024-03-02 00:00:00,-17.57573,24.2643599999999,EWSN,woody_seedlings,small_x4,Vachellia/Acacia reficiens,,,,,0.0
kmqs_1,C,2024-03-02 00:00:00,-17.57573,24.2643599999999,EWSN,woody_seedlings,small_x4,Senegalia/Acacia mellifera,,,,,0.0
kmqs_1,C,2024-03-02 00:00:00,-17.57573,24.2643599999999,EWSN,woody_seedlings,small_x4,Other microphyllous-leaved woody plants,,,,,0.0
kmqs_1,C,2024-03-02 00:00:00,-17.57573,24.2643599999999,EWSN,woody_seedlings,small_x4,Other broad-leaved woody plants,,,,,456.0
kmqs_2,C,2024-03-02 00:00:00,-17.58279,24.28022,north,short_plants,small_area,Other broad-leaved woody plants,2.3,0.74,2.6,2.0,
kmqs_2,C,2024-03-02 00:00:00,-17.58279,24.28022,north,short_plants,small_area,Other broad-leaved woody plants,2.5,2.3,1.8,1.4,
kmqs_2,C,2024-03-02 00:00:00,-17.58279,24.28022,north,tall_plants,large_area,Terminalia sericea,4.0,2.9,5.8,5.0,
kmqs_2,C,2024-03-02 00:00:00,-17.58279,24.28022,north,tall_plants,large_area,Other broad-leaved woody plants,7.0,6.0,2.9,2.7,
kmqs_2,C,2024-03-02 00:00:00,-17.58279,24.28022,north,tall_plants,large_area,Terminalia sericea,2.7,3.0,5.7,4.9,
kmqs_2,C,2024-03-02 00:00:00,-17.58279,24.28022,north,tall_plants,large_area,Other broad-leaved woody plants,12.4,7.9,8.8,7.0,
kmqs_2,C,2024-03-02 00:00:00,-17.58279,24.28022,east,short_plants,small_area,Other broad-leaved woody plants,1.15,1.1,0.7,0.4,
kmqs_2,C,2024-03-02 00:00:00,-17.58279,24.28022,east,short_plants,small_area,Other broad-leaved woody plants,1.49,0.69,0.8,0.6,
kmqs_2,C,2024-03-02 00:00:00,-17.58279,24.28022,east,tall_plants,large_area,Other broad-leaved woody plants,13.0,10.0,6.5,5.9,
kmqs_2,C,2024-03-02 00:00:00,-17.58279,24.28022,east,tall_plants,large_area,Other broad-leaved woody plants,3.3,1.16,2.5,1.8,
kmqs_2,C,2024-03-02 00:00:00,-17.58279,24.28022,east,tall_plants,large_area,Terminalia sericea,9.0,7.4,9.1,7.5,
kmqs_2,C,2024-03-02 00:00:00,-17.58279,24.28022,east,tall_plants,large_area,Other broad-leaved woody plants,10.0,1.67,6.2,4.9,
kmqs_2,C,2024-03-02 00:00:00,-17.58279,24.28022,east,tall_plants,large_area,Other broad-leaved woody plants,9.0,6.0,5.4,4.3,
kmqs_2,C,2024-03-02 00:00:00,-17.58279,24.28022,east,tall_plants,large_area,Terminalia sericea,11.0,5.0,8.2,5.9,
kmqs_2,C,2024-03-02 00:00:00,-17.58279,24.28022,south,tall_plants,large_area,Other broad-leaved woody plants,6.4,5.8,4.3,3.9,
kmqs_2,C,2024-03-02 00:00:00,-17.58279,24.28022,south,tall_plants,large_area,Other broad-leaved woody plants,4.9,2.9,3.0,2.4,
kmqs_2,C,2024-03-02 00:00:00,-17.58279,24.28022,west,short_plants,small_area,Terminalia sericea,1.8,0.46,3.2,2.4,
kmqs_2,C,2024-03-02 00:00:00,-17.58279,24.28022,west,short_plants,small_area,Terminalia sericea,2.4,1.3,3.8,2.6,
kmqs_2,C,2024-03-02 00:00:00,-17.58279,24.28022,west,short_plants,small_area,Other broad-leaved woody plants,1.4,1.0,0.9,0.6,
kmqs_2,C,2024-03-02 00:00:00,-17.58279,24.28022,west,short_plants,small_area,Terminalia sericea,1.3,1.05,2.5,1.8,
kmqs_2,C,2024-03-02 00:00:00,-17.58279,24.28022,west,short_plants,small_area,Other broad-leaved woody plants,0.69,0.5,0.66,0.5,
kmqs_2,C,2024-03-02 00:00:00,-17.58279,24.28022,west,tall_plants,large_area,Other broad-leaved woody plants,3.0,2.3,2.4,1.9,
kmqs_2,C,2024-03-02 00:00:00,-17.58279,24.28022,west,tall_plants,large_area,Terminalia sericea,7.0,1.75,5.7,5.5,
kmqs_2,C,2024-03-02 00:00:00,-17.58279,24.28022,EWSN,woody_seedlings,small_x4,Terminalia sericea,,,,,9.0
kmqs_2,C,2024-03-02 00:00:00,-17.58279,24.28022,EWSN,woody_seedlings,small_x4,Vachellia/Acacia reficiens,,,,,0.0
kmqs_2,C,2024-03-02 00:00:00,-17.58279,24.28022,EWSN,woody_seedlings,small_x4,Senegalia/Acacia mellifera,,,,,0.0
kmqs_2,C,2024-03-02 00:00:00,-17.58279,24.28022,EWSN,woody_seedlings,small_x4,Other microphyllous-leaved woody plants,,,,,0.0
kmqs_2,C,2024-03-02 00:00:00,-17.58279,24.28022,EWSN,woody_seedlings,small_x4,Other broad-leaved woody plants,,,,,100.0
kmqs_3,C,2024-03-03 00:00:00,-17.58804,24.28603,north,short_plants,small_area,Other broad-leaved woody plants,1.7,0.9,0.9,0.77,
kmqs_3,C,2024-03-03 00:00:00,-17.58804,24.28603,north,short_plants,small_area,Other broad-leaved woody plants,1.3,1.0,0.6,0.44,
kmqs_3,C,2024-03-03 00:00:00,-17.58804,24.28603,north,short_plants,small_area,Other broad-leaved woody plants,1.0,0.5,0.8,0.6,
kmqs_3,C,2024-03-03 00:00:00,-17.58804,24.28603,north,short_plants,small_area,Other broad-leaved woody plants,1.2,0.86,1.4,0.7,
kmqs_3,C,2024-03-03 00:00:00,-17.58804,24.28603,north,short_plants,small_area,Other broad-leaved woody plants,0.7,0.52,1.1,0.6,
kmqs_3,C,2024-03-03 00:00:00,-17.58804,24.28603,north,short_plants,small_area,Other broad-leaved woody plants,1.0,0.3,0.9,0.6,
kmqs_3,C,2024-03-03 00:00:00,-17.58804,24.28603,north,short_plants,small_area,Other broad-leaved woody plants,1.5,0.9,1.0,0.8,
kmqs_3,C,2024-03-03 00:00:00,-17.58804,24.28603,north,short_plants,small_area,Other broad-leaved woody plants,2.2,1.6,1.2,1.1,
kmqs_3,C,2024-03-03 00:00:00,-17.58804,24.28603,north,short_plants,small_area,Other broad-leaved woody plants,0.9,0.4,0.7,0.5,
kmqs_3,C,2024-03-03 00:00:00,-17.58804,24.28603,north,short_plants,small_area,Other broad-leaved woody plants,1.8,0.9,2.4,2.0,
kmqs_3,C,2024-03-03 00:00:00,-17.58804,24.28603,north,short_plants,small_area,Other broad-leaved woody plants,1.0,0.4,0.7,0.6,
kmqs_3,C,2024-03-03 00:00:00,-17.58804,24.28603,north,short_plants,small_area,Other broad-leaved woody plants,1.4,1.3,1.3,0.9,
kmqs_3,C,2024-03-03 00:00:00,-17.58804,24.28603,north,tall_plants,large_area,Other broad-leaved woody plants,3.1,1.8,3.0,2.1,
kmqs_3,C,2024-03-03 00:00:00,-17.58804,24.28603,north,tall_plants,large_area,Other broad-leaved woody plants,10.0,6.0,7.2,7.0,
kmqs_3,C,2024-03-03 00:00:00,-17.58804,24.28603,north,tall_plants,large_area,Other broad-leaved woody plants,2.9,1.24,4.9,4.0,
kmqs_3,C,2024-03-03 00:00:00,-17.58804,24.28603,north,tall_plants,large_area,Other broad-leaved woody plants,3.5,1.9,5.8,5.0,
kmqs_3,C,2024-03-03 00:00:00,-17.58804,24.28603,east,short_plants,small_area,Other broad-leaved woody plants,2.4,1.2,1.8,1.2,
kmqs_3,C,2024-03-03 00:00:00,-17.58804,24.28603,east,short_plants,small_area,Other broad-leaved woody plants,1.25,0.85,1.1,0.8,
kmqs_3,C,2024-03-03 00:00:00,-17.58804,24.28603,east,short_plants,small_area,Other broad-leaved woody plants,1.6,0.5,1.2,0.9,
kmqs_3,C,2024-03-03 00:00:00,-17.58804,24.28603,east,short_plants,small_area,Other broad-leaved woody plants,2.1,1.4,1.5,1.3,
kmqs_3,C,2024-03-03 00:00:00,-17.58804,24.28603,east,short_plants,small_area,Other broad-leaved woody plants,0.8,0.8,1.0,0.9,
kmqs_3,C,2024-03-03 00:00:00,-17.58804,24.28603,east,tall_plants,large_area,Other broad-leaved woody plants,4.0,2.03,3.0,2.6,
kmqs_3,C,2024-03-03 00:00:00,-17.58804,24.28603,east,tall_plants,large_area,Other broad-leaved woody plants,3.5,0.6,2.0,1.9,
kmqs_3,C,2024-03-03 00:00:00,-17.58804,24.28603,east,tall_plants,large_area,Other broad-leaved woody plants,3.9,2.3,3.0,2.3,
kmqs_3,C,2024-03-03 00:00:00,-17.58804,24.28603,east,tall_plants,large_area,Other broad-leaved woody plants,3.5,2.3,2.0,1.3,
kmqs_3,C,2024-03-03 00:00:00,-17.58804,24.28603,east,tall_plants,large_area,Other broad-leaved woody plants,2.6,1.35,1.2,1.1,
kmqs_3,C,2024-03-03 00:00:00,-17.58804,24.28603,south,short_plants,small_area,Other broad-leaved woody plants,0.9,0.77,0.6,0.4,
kmqs_3,C,2024-03-03 00:00:00,-17.58804,24.28603,south,short_plants,small_area,Other broad-leaved woody plants,0.76,0.45,0.43,0.34,
kmqs_3,C,2024-03-03 00:00:00,-17.58804,24.28603,south,short_plants,small_area,Other broad-leaved woody plants,1.36,0.77,1.0,0.8,
kmqs_3,C,2024-03-03 00:00:00,-17.58804,24.28603,south,short_plants,small_area,Other broad-leaved woody plants,2.0,1.8,1.2,0.9,
kmqs_3,C,2024-03-03 00:00:00,-17.58804,24.28603,south,short_plants,small_area,Other broad-leaved woody plants,1.35,0.8,1.9,1.36,
kmqs_3,C,2024-03-03 00:00:00,-17.58804,24.28603,south,short_plants,small_area,Other broad-leaved woody plants,0.9,0.4,1.4,0.6,
kmqs_3,C,2024-03-03 00:00:00,-17.58804,24.28603,south,short_plants,small_area,Other broad-leaved woody plants,1.9,1.0,0.6,0.4,
kmqs_3,C,2024-03-03 00:00:00,-17.58804,24.28603,south,short_plants,small_area,Other broad-leaved woody plants,1.1,0.8,0.6,0.46,
kmqs_3,C,2024-03-03 00:00:00,-17.58804,24.28603,south,short_plants,small_area,Other broad-leaved woody plants,1.6,1.0,0.9,0.6,
kmqs_3,C,2024-03-03 00:00:00,-17.58804,24.28603,south,short_plants,small_area,Other broad-leaved woody plants,1.9,1.2,1.3,0.6,
kmqs_3,C,2024-03-03 00:00:00,-17.58804,24.28603,south,short_plants,small_area,Other broad-leaved woody plants,1.5,1.0,1.9,1.4,
kmqs_3,C,2024-03-03 00:00:00,-17.58804,24.28603,south,short_plants,small_area,Other broad-leaved woody plants,1.5,0.46,2.0,1.5,
kmqs_3,C,2024-03-03 00:00:00,-17.58804,24.28603,south,short_plants,small_area,Other broad-leaved woody plants,1.1,0.8,0.9,0.6,
kmqs_3,C,2024-03-03 00:00:00,-17.58804,24.28603,south,short_plants,small_area,Other broad-leaved woody plants,0.9,0.73,0.5,0.3,
kmqs_3,C,2024-03-03 00:00:00,-17.58804,24.28603,south,short_plants,small_area,Other broad-leaved woody plants,0.6,0.35,0.5,0.47,
kmqs_3,C,2024-03-03 00:00:00,-17.58804,24.28603,south,short_plants,small_area,Other broad-leaved woody plants,1.2,0.9,1.3,0.7,
kmqs_3,C,2024-03-03 00:00:00,-17.58804,24.28603,south,short_plants,small_area,Other broad-leaved woody plants,1.2,0.92,0.9,0.7,
kmqs_3,C,2024-03-03 00:00:00,-17.58804,24.28603,south,short_plants,small_area,Other broad-leaved woody plants,1.3,0.74,0.9,0.5,
kmqs_3,C,2024-03-03 00:00:00,-17.58804,24.28603,south,short_plants,small_area,Other broad-leaved woody plants,0.7,0.4,0.4,0.3,
kmqs_3,C,2024-03-03 00:00:00,-17.58804,24.28603,south,short_plants,small_area,Other broad-leaved woody plants,0.8,0.65,0.9,0.4,
kmqs_3,C,2024-03-03 00:00:00,-17.58804,24.28603,south,tall_plants,large_area,Other broad-leaved woody plants,3.1,1.8,2.7,2.3,
kmqs_3,C,2024-03-03 00:00:00,-17.58804,24.28603,south,tall_plants,large_area,Other broad-leaved woody plants,15.0,10.0,9.2,5.8,
kmqs_3,C,2024-03-03 00:00:00,-17.58804,24.28603,south,tall_plants,large_area,Other broad-leaved woody plants,3.1,1.5,2.3,1.8,
kmqs_3,C,2024-03-03 00:00:00,-17.58804,24.28603,south,tall_plants,large_area,Other broad-leaved woody plants,2.6,1.8,1.5,1.3,
kmqs_3,C,2024-03-03 00:00:00,-17.58804,24.28603,south,tall_plants,large_area,Terminalia sericea,3.7,2.0,4.4,3.5,
kmqs_3,C,2024-03-03 00:00:00,-17.58804,24.28603,south,tall_plants,large_area,Terminalia sericea,12.0,8.0,9.6,8.8,
kmqs_3,C,2024-03-03 00:00:00,-17.58804,24.28603,west,short_plants,small_area,Other broad-leaved woody plants,1.73,0.5,1.1,0.7,
kmqs_3,C,2024-03-03 00:00:00,-17.58804,24.28603,west,short_plants,small_area,Other broad-leaved woody plants,1.48,0.55,2.5,1.2,
kmqs_3,C,2024-03-03 00:00:00,-17.58804,24.28603,west,short_plants,small_area,Other broad-leaved woody plants,1.7,0.9,2.1,1.4,
kmqs_3,C,2024-03-03 00:00:00,-17.58804,24.28603,west,short_plants,small_area,Other broad-leaved woody plants,2.5,1.3,3.4,2.9,
kmqs_3,C,2024-03-03 00:00:00,-17.58804,24.28603,west,short_plants,small_area,Other broad-leaved woody plants,2.4,1.4,3.1,1.7,
kmqs_3,C,2024-03-03 00:00:00,-17.58804,24.28603,west,short_plants,small_area,Other broad-leaved woody plants,1.6,0.8,1.5,0.8,
kmqs_3,C,2024-03-03 00:00:00,-17.58804,24.28603,west,short_plants,small_area,Other broad-leaved woody plants,2.2,0.9,2.6,2.0,
kmqs_3,C,2024-03-03 00:00:00,-17.58804,24.28603,west,short_plants,small_area,Other broad-leaved woody plants,2.4,1.4,3.9,1.8,
kmqs_3,C,2024-03-03 00:00:00,-17.58804,24.28603,west,short_plants,small_area,Other broad-leaved woody plants,2.0,1.4,2.0,1.6,
kmqs_3,C,2024-03-03 00:00:00,-17.58804,24.28603,west,short_plants,small_area,Other broad-leaved woody plants,1.2,0.8,3.4,3.0,
kmqs_3,C,2024-03-03 00:00:00,-17.58804,24.28603,west,tall_plants,large_area,Other broad-leaved woody plants,3.4,2.1,2.7,2.1,
kmqs_3,C,2024-03-03 00:00:00,-17.58804,24.28603,west,tall_plants,large_area,Terminalia sericea,9.0,2.3,8.7,8.5,
kmqs_3,C,2024-03-03 00:00:00,-17.58804,24.28603,west,tall_plants,large_area,Other broad-leaved woody plants,2.8,2.1,2.2,1.5,
kmqs_3,C,2024-03-03 00:00:00,-17.58804,24.28603,west,tall_plants,large_area,Terminalia sericea,5.0,2.2,2.7,1.9,
kmqs_3,C,2024-03-03 00:00:00,-17.58804,24.28603,west,tall_plants,large_area,Other broad-leaved woody plants,3.3,3.1,2.2,1.4,
kmqs_3,C,2024-03-03 00:00:00,-17.58804,24.28603,west,tall_plants,large_area,Other broad-leaved woody plants,2.7,0.3,3.3,3.0,
kmqs_3,C,2024-03-03 00:00:00,-17.58804,24.28603,west,tall_plants,large_area,Other broad-leaved woody plants,2.6,1.8,1.9,1.7,
kmqs_3,C,2024-03-03 00:00:00,-17.58804,24.28603,west,tall_plants,large_area,Other broad-leaved woody plants,2.7,2.7,2.1,1.4,
kmqs_3,C,2024-03-03 00:00:00,-17.58804,24.28603,west,tall_plants,large_area,Other broad-leaved woody plants,2.6,1.5,2.2,2.0,
kmqs_3,C,2024-03-03 00:00:00,-17.58804,24.28603,west,tall_plants,large_area,Other broad-leaved woody plants,10.0,6.0,2.5,2.1,
kmqs_3,C,2024-03-03 00:00:00,-17.58804,24.28603,EWSN,woody_seedlings,small_x4,Terminalia sericea,,,,,0.0
kmqs_3,C,2024-03-03 00:00:00,-17.58804,24.28603,EWSN,woody_seedlings,small_x4,Vachellia/Acacia reficiens,,,,,0.0
kmqs_3,C,2024-03-03 00:00:00,-17.58804,24.28603,EWSN,woody_seedlings,small_x4,Senegalia/Acacia mellifera,,,,,0.0
kmqs_3,C,2024-03-03 00:00:00,-17.58804,24.28603,EWSN,woody_seedlings,small_x4,Other microphyllous-leaved woody plants,,,,,0.0
kmqs_3,C,2024-03-03 00:00:00,-17.58804,24.28603,EWSN,woody_seedlings,small_x4,Other broad-leaved woody plants,,,,,17.0
agag_1,C,2024-02-06 00:00:00,-21.5567,17.2491,north,short_plants,small_area,Vachellia/Acacia reficiens,1.2,0.8,0.5,0.3,
agag_1,C,2024-02-06 00:00:00,-21.5567,17.2491,north,short_plants,small_area,Terminalia sericea,1.5,0.8,0.4,0.4,
agag_1,C,2024-02-06 00:00:00,-21.5567,17.2491,north,short_plants,small_area,Other microphyllous-leaved woody plants,2.0,1.5,1.0,0.5,
agag_1,C,2024-02-06 00:00:00,-21.5567,17.2491,north,tall_plants,large_area,Terminalia sericea,4.0,5.0,3.0,2.0,
agag_1,C,2024-02-06 00:00:00,-21.5567,17.2491,north,tall_plants,large_area,Terminalia sericea,3.5,6.0,3.5,2.5,
agag_1,C,2024-02-06 00:00:00,-21.5567,17.2491,east,short_plants,small_area,Terminalia sericea,1.6,0.7,0.5,0.2,
agag_1,C,2024-02-06 00:00:00,-21.5567,17.2491,east,short_plants,small_area,Terminalia sericea,1.8,1.5,0.7,0.8,
agag_1,C,2024-02-06 00:00:00,-21.5567,17.2491,east,short_plants,small_area,Terminalia sericea,1.1,0.6,0.4,0.2,
agag_1,C,2024-02-06 00:00:00,-21.5567,17.2491,east,short_plants,small_area,Terminalia sericea,1.8,3.0,1.6,1.4,
agag_1,C,2024-02-06 00:00:00,-21.5567,17.2491,east,short_plants,small_area,Other microphyllous-leaved woody plants,1.4,0.7,0.4,0.3,
agag_1,C,2024-02-06 00:00:00,-21.5567,17.2491,east,short_plants,small_area,Other microphyllous-leaved woody plants,2.0,2.0,1.0,1.0,
agag_1,C,2024-02-06 00:00:00,-21.5567,17.2491,east,short_plants,small_area,Vachellia/Acacia reficiens,1.2,2.6,1.3,1.3,
agag_1,C,2024-02-06 00:00:00,-21.5567,17.2491,east,tall_plants,large_area,Terminalia sericea,7.0,8.0,3.5,4.5,
agag_1,C,2024-02-06 00:00:00,-21.5567,17.2491,east,tall_plants,large_area,Terminalia sericea,7.0,6.0,4.0,2.0,
agag_1,C,2024-02-06 00:00:00,-21.5567,17.2491,west,short_plants,small_area,Other microphyllous-leaved woody plants,1.5,3.2,2.0,1.2,
agag_1,C,2024-02-06 00:00:00,-21.5567,17.2491,west,short_plants,small_area,Senegalia/Acacia mellifera,1.5,3.0,1.8,1.2,
agag_1,C,2024-02-06 00:00:00,-21.5567,17.2491,west,short_plants,small_area,Senegalia/Acacia mellifera,2.1,1.8,1.3,1.5,
agag_1,C,2024-02-06 00:00:00,-21.5567,17.2491,west,tall_plants,large_area,Terminalia sericea,10.0,9.0,3.0,6.0,
agag_1,C,2024-02-06 00:00:00,-21.5567,17.2491,west,tall_plants,large_area,Other microphyllous-leaved woody plants,4.0,3.5,2.0,1.5,
agag_1,C,2024-02-06 00:00:00,-21.5567,17.2491,west,tall_plants,large_area,Other microphyllous-leaved woody plants,11.0,6.0,3.0,3.0,
agag_1,C,2024-02-06 00:00:00,-21.5567,17.2491,south,short_plants,small_area,Vachellia/Acacia reficiens,1.7,2.8,1.2,1.6,
agag_1,C,2024-02-06 00:00:00,-21.5567,17.2491,south,short_plants,small_area,Vachellia/Acacia reficiens,1.9,2.7,1.5,1.2,
agag_1,C,2024-02-06 00:00:00,-21.5567,17.2491,south,tall_plants,large_area,Other microphyllous-leaved woody plants,5.0,5.0,2.5,2.5,
agag_1,C,2024-02-06 00:00:00,-21.5567,17.2491,south,tall_plants,large_area,Vachellia/Acacia reficiens,4.5,3.0,1.7,1.3,
agag_1,C,2024-02-06 00:00:00,-21.5567,17.2491,EWSN,woody_seedlings,small_x4,Terminalia sericea,,,,,9.0
agag_1,C,2024-02-06 00:00:00,-21.5567,17.2491,EWSN,woody_seedlings,small_x4,Vachellia/Acacia reficiens,,,,,3.0
agag_1,C,2024-02-06 00:00:00,-21.5567,17.2491,EWSN,woody_seedlings,small_x4,Senegalia/Acacia mellifera,,,,,7.0
agag_1,C,2024-02-06 00:00:00,-21.5567,17.2491,EWSN,woody_seedlings,small_x4,Other microphyllous-leaved woody plants,,,,,9.0
agag_1,C,2024-02-06 00:00:00,-21.5567,17.2491,EWSN,woody_seedlings,small_x4,Other broad-leaved woody plants,,,,,0.0
agag_2,C,2024-02-05 00:00:00,-21.5441,17.2359,north,short_plants,small_area,Terminalia sericea,2.0,3.5,2.5,1.0,
agag_2,C,2024-02-05 00:00:00,-21.5441,17.2359,east,short_plants,small_area,Other microphyllous-leaved woody plants,0.8,1.3,0.8,0.5,
agag_2,C,2024-02-05 00:00:00,-21.5441,17.2359,east,short_plants,small_area,Terminalia sericea,2.3,1.8,0.8,0.8,
agag_2,C,2024-02-05 00:00:00,-21.5441,17.2359,east,short_plants,small_area,Terminalia sericea,1.6,1.9,1.0,0.9,
agag_2,C,2024-02-05 00:00:00,-21.5441,17.2359,east,short_plants,small_area,Vachellia/Acacia reficiens,2.0,2.5,1.5,1.0,
agag_2,C,2024-02-05 00:00:00,-21.5441,17.2359,east,short_plants,small_area,Vachellia/Acacia reficiens,2.1,2.8,1.3,1.5,
agag_2,C,2024-02-05 00:00:00,-21.5441,17.2359,west,short_plants,small_area,Other microphyllous-leaved woody plants,0.6,0.8,0.3,0.5,
agag_2,C,2024-02-05 00:00:00,-21.5441,17.2359,west,short_plants,small_area,Vachellia/Acacia reficiens,1.5,1.8,1.5,0.3,
agag_2,C,2024-02-05 00:00:00,-21.5441,17.2359,west,short_plants,small_area,Vachellia/Acacia reficiens,2.2,2.4,1.8,0.6,
agag_2,C,2024-02-05 00:00:00,-21.5441,17.2359,south,short_plants,small_area,Terminalia sericea,1.5,2.2,1.3,1.4,
agag_2,C,2024-02-05 00:00:00,-21.5441,17.2359,south,short_plants,small_area,Terminalia sericea,2.2,3.0,15.0,1.5,
agag_2,C,2024-02-05 00:00:00,-21.5441,17.2359,south,short_plants,small_area,Vachellia/Acacia reficiens,1.5,0.5,0.8,0.7,
agag_2,C,2024-02-05 00:00:00,-21.5441,17.2359,south,short_plants,small_area,Other microphyllous-leaved woody plants,1.7,2.8,1.3,1.5,
agag_2,C,2024-02-05 00:00:00,-21.5441,17.2359,south,short_plants,small_area,Other microphyllous-leaved woody plants,2.3,2.5,1.2,1.3,
agag_2,C,2024-02-05 00:00:00,-21.5441,17.2359,south,short_plants,small_area,Senegalia/Acacia mellifera,2.0,3.5,2.5,1.0,
agag_2,C,2024-02-05 00:00:00,-21.5441,17.2359,EWSN,woody_seedlings,small_x4,Terminalia sericea,,,,,18.0
agag_2,C,2024-02-05 00:00:00,-21.5441,17.2359,EWSN,woody_seedlings,small_x4,Vachellia/Acacia reficiens,,,,,4.0
agag_2,C,2024-02-05 00:00:00,-21.5441,17.2359,EWSN,woody_seedlings,small_x4,Senegalia/Acacia mellifera,,,,,9.0
agag_2,C,2024-02-05 00:00:00,-21.5441,17.2359,EWSN,woody_seedlings,small_x4,Other microphyllous-leaved woody plants,,,,,14.0
agag_2,C,2024-02-05 00:00:00,-21.5441,17.2359,EWSN,woody_seedlings,small_x4,Other broad-leaved woody plants,,,,,0.0
agag_3,C,2024-05-02 00:00:00,-21.6165,17.252,north,short_plants,small_area,Other microphyllous-leaved woody plants,1.2,0.7,0.5,0.3,
agag_3,C,2024-05-02 00:00:00,-21.6165,17.252,north,short_plants,small_area,Vachellia/Acacia reficiens,2.2,3.1,2.0,1.1,
agag_3,C,2024-05-02 00:00:00,-21.6165,17.252,north,short_plants,small_area,Vachellia/Acacia reficiens,1.5,1.5,1.0,0.5,
agag_3,C,2024-05-02 00:00:00,-21.6165,17.252,north,short_plants,small_area,Senegalia/Acacia mellifera,1.0,2.3,2.0,0.3,
agag_3,C,2024-05-02 00:00:00,-21.6165,17.252,east,short_plants,small_area,Other microphyllous-leaved woody plants,1.0,2.0,1.3,0.7,
agag_3,C,2024-05-02 00:00:00,-21.6165,17.252,east,short_plants,small_area,Vachellia/Acacia reficiens,0.8,0.6,0.1,0.5,
agag_3,C,2024-05-02 00:00:00,-21.6165,17.252,east,short_plants,small_area,Vachellia/Acacia reficiens,1.3,0.9,0.3,0.6,
agag_3,C,2024-05-02 00:00:00,-21.6165,17.252,east,tall_plants,large_area,Senegalia/Acacia mellifera,3.5,6.0,2.8,3.2,
agag_3,C,2024-05-02 00:00:00,-21.6165,17.252,east,tall_plants,large_area,Senegalia/Acacia mellifera,4.0,5.5,2.5,3.0,
agag_3,C,2024-05-02 00:00:00,-21.6165,17.252,east,tall_plants,large_area,Senegalia/Acacia mellifera,6.0,10.0,5.5,4.5,
agag_3,C,2024-05-02 00:00:00,-21.6165,17.252,west,short_plants,small_area,Vachellia/Acacia reficiens,1.3,0.7,0.3,0.4,
agag_3,C,2024-05-02 00:00:00,-21.6165,17.252,west,short_plants,small_area,Vachellia/Acacia reficiens,1.5,2.0,1.3,0.7,
agag_3,C,2024-05-02 00:00:00,-21.6165,17.252,west,tall_plants,large_area,Senegalia/Acacia mellifera,4.1,2.8,1.7,1.1,
agag_3,C,2024-05-02 00:00:00,-21.6165,17.252,west,tall_plants,large_area,Senegalia/Acacia mellifera,4.0,6.0,3.2,2.8,
agag_3,C,2024-05-02 00:00:00,-21.6165,17.252,west,tall_plants,large_area,Senegalia/Acacia mellifera,4.0,4.8,1.8,3.0,
agag_3,C,2024-05-02 00:00:00,-21.6165,17.252,south,short_plants,small_area,Senegalia/Acacia mellifera,2.0,2.8,1.8,1.0,
agag_3,C,2024-05-02 00:00:00,-21.6165,17.252,south,short_plants,small_area,Senegalia/Acacia mellifera,1.0,1.3,0.5,0.8,
agag_3,C,2024-05-02 00:00:00,-21.6165,17.252,south,short_plants,small_area,Other microphyllous-leaved woody plants,1.3,1.0,0.6,0.4,
agag_3,C,2024-05-02 00:00:00,-21.6165,17.252,south,short_plants,small_area,Other microphyllous-leaved woody plants,1.8,2.5,1.6,1.4,
agag_3,C,2024-05-02 00:00:00,-21.6165,17.252,south,short_plants,small_area,Senegalia/Acacia mellifera,1.3,1.0,0.6,0.4,
agag_3,C,2024-05-02 00:00:00,-21.6165,17.252,south,short_plants,small_area,Vachellia/Acacia reficiens,1.0,0.8,0.5,0.2,
agag_3,C,2024-05-02 00:00:00,-21.6165,17.252,south,tall_plants,large_area,Vachellia/Acacia reficiens,5.0,6.0,2.5,3.5,
agag_3,C,2024-05-02 00:00:00,-21.6165,17.252,south,tall_plants,large_area,Other microphyllous-leaved woody plants,3.5,6.5,2.5,4.0,
agag_3,C,2024-05-02 00:00:00,-21.6165,17.252,south,tall_plants,large_area,Other microphyllous-leaved woody plants,3.0,4.0,1.8,2.2,
agag_3,C,2024-05-02 00:00:00,-21.6165,17.252,south,tall_plants,large_area,Other microphyllous-leaved woody plants,4.0,3.0,1.5,1.5,
agag_3,C,2024-05-02 00:00:00,-21.6165,17.252,EWSN,woody_seedlings,small_x4,Terminalia sericea,,,,,16.0
agag_3,C,2024-05-02 00:00:00,-21.6165,17.252,EWSN,woody_seedlings,small_x4,Vachellia/Acacia reficiens,,,,,6.0
agag_3,C,2024-05-02 00:00:00,-21.6165,17.252,EWSN,woody_seedlings,small_x4,Senegalia/Acacia mellifera,,,,,9.0
agag_3,C,2024-05-02 00:00:00,-21.6165,17.252,EWSN,woody_seedlings,small_x4,Other microphyllous-leaved woody plants,,,,,3.0
agag_3,C,2024-05-02 00:00:00,-21.6165,17.252,EWSN,woody_seedlings,small_x4,Other broad-leaved woody plants,,,,,0.0
cala_1,C,2024-02-23 00:00:00,-21.4115,18.33389,north,short_plants,small_area,Terminalia sericea,1.4,0.7,1.9,1.4,
cala_1,C,2024-02-23 00:00:00,-21.4115,18.33389,east,short_plants,small_area,Other broad-leaved woody plants,0.65,0.1,0.45,0.4,
cala_1,C,2024-02-23 00:00:00,-21.4115,18.33389,east,short_plants,small_area,Other broad-leaved woody plants,0.6,0.3,0.6,0.4,
cala_1,C,2024-02-23 00:00:00,-21.4115,18.33389,east,short_plants,small_area,Other broad-leaved woody plants,0.7,0.5,0.9,0.45,
cala_1,C,2024-02-23 00:00:00,-21.4115,18.33389,east,short_plants,small_area,Other broad-leaved woody plants,0.6,0.3,1.0,0.4,
cala_1,C,2024-02-23 00:00:00,-21.4115,18.33389,east,short_plants,small_area,Other broad-leaved woody plants,0.6,0.35,0.7,0.6,
cala_1,C,2024-02-23 00:00:00,-21.4115,18.33389,east,short_plants,small_area,Other broad-leaved woody plants,0.8,0.3,0.4,0.3,
cala_1,C,2024-02-23 00:00:00,-21.4115,18.33389,east,short_plants,small_area,Other broad-leaved woody plants,0.75,0.2,0.5,0.3,
cala_1,C,2024-02-23 00:00:00,-21.4115,18.33389,east,short_plants,small_area,Other broad-leaved woody plants,0.65,0.4,0.55,0.45,
cala_1,C,2024-02-23 00:00:00,-21.4115,18.33389,south,tall_plants,large_area,Other broad-leaved woody plants,0.9,0.6,0.8,0.5,
cala_1,C,2024-02-23 00:00:00,-21.4115,18.33389,south,tall_plants,large_area,Other broad-leaved woody plants,0.7,0.6,0.65,0.5,
cala_1,C,2024-02-23 00:00:00,-21.4115,18.33389,south,tall_plants,large_area,Other broad-leaved woody plants,0.7,0.4,0.7,0.55,
cala_1,C,2024-02-23 00:00:00,-21.4115,18.33389,south,tall_plants,large_area,Other broad-leaved woody plants,0.7,0.5,1.3,0.8,
cala_1,C,2024-02-23 00:00:00,-21.4115,18.33389,south,tall_plants,large_area,Other broad-leaved woody plants,0.65,0.2,0.69,0.5,
cala_1,C,2024-02-23 00:00:00,-21.4115,18.33389,south,tall_plants,large_area,Other broad-leaved woody plants,0.7,0.4,0.6,0.4,
cala_1,C,2024-02-23 00:00:00,-21.4115,18.33389,west,tall_plants,large_area,Terminalia sericea,0.6,0.25,0.8,0.7,
cala_1,C,2024-02-23 00:00:00,-21.4115,18.33389,west,tall_plants,large_area,Terminalia sericea,0.63,0.5,0.9,0.7,
cala_1,C,2024-02-23 00:00:00,-21.4115,18.33389,west,tall_plants,large_area,Other broad-leaved woody plants,0.54,0.3,0.5,0.4,
cala_1,C,2024-02-23 00:00:00,-21.4115,18.33389,west,tall_plants,large_area,Other broad-leaved woody plants,0.55,0.25,0.35,0.2,
cala_1,C,2024-02-23 00:00:00,-21.4115,18.33389,west,tall_plants,large_area,Other broad-leaved woody plants,0.65,0.35,0.95,0.4,
cala_1,C,2024-02-23 00:00:00,-21.4115,18.33389,EWSN,woody_seedlings,small_x4,Terminalia sericea,,,,,8.0
cala_1,C,2024-02-23 00:00:00,-21.4115,18.33389,EWSN,woody_seedlings,small_x4,Vachellia/Acacia reficiens,,,,,0.0
cala_1,C,2024-02-23 00:00:00,-21.4115,18.33389,EWSN,woody_seedlings,small_x4,Senegalia/Acacia mellifera,,,,,5.0
cala_1,C,2024-02-23 00:00:00,-21.4115,18.33389,EWSN,woody_seedlings,small_x4,Other microphyllous-leaved woody plants,,,,,13.0
cala_1,C,2024-02-23 00:00:00,-21.4115,18.33389,EWSN,woody_seedlings,small_x4,Other broad-leaved woody plants,,,,,174.0
cala_2,C,2024-02-24 00:00:00,-21.44001,18.28947,east,short_plants,small_area,Other microphyllous-leaved woody plants,0.75,0.45,1.1,0.8,
cala_2,C,2024-02-24 00:00:00,-21.44001,18.28947,EWSN,woody_seedlings,small_x4,Terminalia sericea,,,,,1.0
cala_2,C,2024-02-24 00:00:00,-21.44001,18.28947,EWSN,woody_seedlings,small_x4,Vachellia/Acacia reficiens,,,,,0.0
cala_2,C,2024-02-24 00:00:00,-21.44001,18.28947,EWSN,woody_seedlings,small_x4,Senegalia/Acacia mellifera,,,,,1.0
cala_2,C,2024-02-24 00:00:00,-21.44001,18.28947,EWSN,woody_seedlings,small_x4,Other microphyllous-leaved woody plants,,,,,11.0
cala_2,C,2024-02-24 00:00:00,-21.44001,18.28947,EWSN,woody_seedlings,small_x4,Other broad-leaved woody plants,,,,,12.0
cala_3,C,2024-02-24 00:00:00,-21.3988,18.26359,north,short_plants,small_area,Other broad-leaved woody plants,0.75,0.65,1.0,0.65,
cala_3,C,2024-02-24 00:00:00,-21.3988,18.26359,north,short_plants,small_area,Other broad-leaved woody plants,1.45,0.75,2.15,2.0,
cala_3,C,2024-02-24 00:00:00,-21.3988,18.26359,north,short_plants,small_area,Other broad-leaved woody plants,0.6,0.3,0.45,0.35,
cala_3,C,2024-02-24 00:00:00,-21.3988,18.26359,north,short_plants,small_area,Other broad-leaved woody plants,0.85,0.62,0.7,0.6,
cala_3,C,2024-02-24 00:00:00,-21.3988,18.26359,north,short_plants,small_area,Other broad-leaved woody plants,0.95,0.7,1.15,1.1,
cala_3,C,2024-02-24 00:00:00,-21.3988,18.26359,north,short_plants,small_area,Other broad-leaved woody plants,0.78,0.6,0.75,0.6,
cala_3,C,2024-02-24 00:00:00,-21.3988,18.26359,north,short_plants,small_area,Other broad-leaved woody plants,0.9,0.8,0.9,0.8,
cala_3,C,2024-02-24 00:00:00,-21.3988,18.26359,north,short_plants,small_area,Other broad-leaved woody plants,0.85,0.4,1.15,0.7,
cala_3,C,2024-02-24 00:00:00,-21.3988,18.26359,north,short_plants,small_area,Other broad-leaved woody plants,0.65,0.55,0.95,0.7,
cala_3,C,2024-02-24 00:00:00,-21.3988,18.26359,north,short_plants,small_area,Other broad-leaved woody plants,0.85,0.45,0.9,0.8,
cala_3,C,2024-02-24 00:00:00,-21.3988,18.26359,north,short_plants,small_area,Other broad-leaved woody plants,0.9,0.4,1.85,1.5,
cala_3,C,2024-02-24 00:00:00,-21.3988,18.26359,east,short_plants,small_area,Other broad-leaved woody plants,1.8,1.2,1.4,1.2,
cala_3,C,2024-02-24 00:00:00,-21.3988,18.26359,east,short_plants,small_area,Other broad-leaved woody plants,2.0,1.3,1.3,1.1,
cala_3,C,2024-02-24 00:00:00,-21.3988,18.26359,east,short_plants,small_area,Other broad-leaved woody plants,1.8,0.8,0.9,0.8,
cala_3,C,2024-02-24 00:00:00,-21.3988,18.26359,east,short_plants,small_area,Other broad-leaved woody plants,0.95,0.6,0.8,0.7,
cala_3,C,2024-02-24 00:00:00,-21.3988,18.26359,east,short_plants,small_area,Other broad-leaved woody plants,0.9,0.5,0.8,0.6,
cala_3,C,2024-02-24 00:00:00,-21.3988,18.26359,east,short_plants,small_area,Other broad-leaved woody plants,1.7,1.4,1.9,1.3,
cala_3,C,2024-02-24 00:00:00,-21.3988,18.26359,east,short_plants,small_area,Other broad-leaved woody plants,1.45,1.1,1.4,1.0,
cala_3,C,2024-02-24 00:00:00,-21.3988,18.26359,east,short_plants,small_area,Other broad-leaved woody plants,0.65,0.25,0.85,0.6,
cala_3,C,2024-02-24 00:00:00,-21.3988,18.26359,east,short_plants,small_area,Other broad-leaved woody plants,0.9,0.3,1.0,0.5,
cala_3,C,2024-02-24 00:00:00,-21.3988,18.26359,east,short_plants,small_area,Other broad-leaved woody plants,0.8,0.6,1.3,1.1,
cala_3,C,2024-02-24 00:00:00,-21.3988,18.26359,east,short_plants,small_area,Other broad-leaved woody plants,0.6,0.4,1.0,0.4,
cala_3,C,2024-02-24 00:00:00,-21.3988,18.26359,east,short_plants,small_area,Other broad-leaved woody plants,0.7,0.5,1.3,0.7,
cala_3,C,2024-02-24 00:00:00,-21.3988,18.26359,east,short_plants,small_area,Other broad-leaved woody plants,0.6,0.3,0.5,0.25,
cala_3,C,2024-02-24 00:00:00,-21.3988,18.26359,east,short_plants,small_area,Other broad-leaved woody plants,0.5,0.35,0.7,0.4,
cala_3,C,2024-02-24 00:00:00,-21.3988,18.26359,east,short_plants,small_area,Other broad-leaved woody plants,0.7,0.5,0.6,0.5,
cala_3,C,2024-02-24 00:00:00,-21.3988,18.26359,west,short_plants,small_area,Other broad-leaved woody plants,0.95,0.7,1.4,1.3,
cala_3,C,2024-02-24 00:00:00,-21.3988,18.26359,west,short_plants,small_area,Other broad-leaved woody plants,1.1,0.6,2.05,1.9,
cala_3,C,2024-02-24 00:00:00,-21.3988,18.26359,west,short_plants,small_area,Other broad-leaved woody plants,1.2,0.9,1.8,1.2,
cala_3,C,2024-02-24 00:00:00,-21.3988,18.26359,west,short_plants,small_area,Other broad-leaved woody plants,0.9,0.55,0.85,0.65,
cala_3,C,2024-02-24 00:00:00,-21.3988,18.26359,west,short_plants,small_area,Other broad-leaved woody plants,0.6,0.35,0.55,0.35,
cala_3,C,2024-02-24 00:00:00,-21.3988,18.26359,west,short_plants,small_area,Other broad-leaved woody plants,0.65,0.4,0.8,0.6,
cala_3,C,2024-02-24 00:00:00,-21.3988,18.26359,west,short_plants,small_area,Other broad-leaved woody plants,0.7,0.4,0.3,0.2,
cala_3,C,2024-02-24 00:00:00,-21.3988,18.26359,west,short_plants,small_area,Other broad-leaved woody plants,0.6,0.4,0.25,0.15,
cala_3,C,2024-02-24 00:00:00,-21.3988,18.26359,west,short_plants,small_area,Other broad-leaved woody plants,0.65,0.55,0.4,0.2,
cala_3,C,2024-02-24 00:00:00,-21.3988,18.26359,west,short_plants,small_area,Other broad-leaved woody plants,0.8,0.45,0.4,0.15,
cala_3,C,2024-02-24 00:00:00,-21.3988,18.26359,west,short_plants,small_area,Other broad-leaved woody plants,0.6,0.45,0.4,0.2,
cala_3,C,2024-02-24 00:00:00,-21.3988,18.26359,EWSN,woody_seedlings,small_x4,Terminalia sericea,,,,,0.0
cala_3,C,2024-02-24 00:00:00,-21.3988,18.26359,EWSN,woody_seedlings,small_x4,Vachellia/Acacia reficiens,,,,,0.0
cala_3,C,2024-02-24 00:00:00,-21.3988,18.26359,EWSN,woody_seedlings,small_x4,Senegalia/Acacia mellifera,,,,,0.0
cala_3,C,2024-02-24 00:00:00,-21.3988,18.26359,EWSN,woody_seedlings,small_x4,Other microphyllous-leaved woody plants,,,,,6.0
cala_3,C,2024-02-24 00:00:00,-21.3988,18.26359,EWSN,woody_seedlings,small_x4,Other broad-leaved woody plants,,,,,71.0
okon_1,C,2024-02-02 00:00:00,-17.52267,17.79067,west,short_plants,short_plants,Other broad-leaved woody plants,1.9,1.4,0.85,0.8,
okon_1,C,2024-02-02 00:00:00,-17.52267,17.79067,west,short_plants,short_plants,Other broad-leaved woody plants,1.41,1.2,1.1,0.58,
okon_1,C,2024-02-02 00:00:00,-17.52267,17.79067,west,short_plants,short_plants,Other broad-leaved woody plants,1.1,0.9,1.0,0.65,
okon_1,C,2024-02-02 00:00:00,-17.52267,17.79067,west,short_plants,short_plants,Other broad-leaved woody plants,0.83,0.71,0.9,0.1,
okon_1,C,2024-02-02 00:00:00,-17.52267,17.79067,west,short_plants,short_plants,Other broad-leaved woody plants,0.91,0.9,0.25,0.21,
okon_1,C,2024-02-02 00:00:00,-17.52267,17.79067,west,short_plants,short_plants,Other broad-leaved woody plants,1.1,0.7,1.0,0.55,
okon_1,C,2024-02-02 00:00:00,-17.52267,17.79067,west,short_plants,short_plants,Other broad-leaved woody plants,1.29,1.15,0.08,0.78,
okon_1,C,2024-02-02 00:00:00,-17.52267,17.79067,west,short_plants,short_plants,Other broad-leaved woody plants,1.95,1.34,2.15,1.5,
okon_1,C,2024-02-02 00:00:00,-17.52267,17.79067,west,short_plants,short_plants,Other broad-leaved woody plants,0.8,0.75,0.79,0.7,
okon_1,C,2024-02-02 00:00:00,-17.52267,17.79067,west,short_plants,short_plants,Other broad-leaved woody plants,0.9,0.79,0.65,0.5,
okon_1,C,2024-02-02 00:00:00,-17.52267,17.79067,west,short_plants,short_plants,Other broad-leaved woody plants,0.3,0.9,0.8,0.45,
okon_1,C,2024-02-02 00:00:00,-17.52267,17.79067,west,short_plants,short_plants,Other broad-leaved woody plants,1.7,1.3,0.81,0.45,
okon_1,C,2024-02-02 00:00:00,-17.52267,17.79067,west,short_plants,short_plants,Other broad-leaved woody plants,0.96,1.4,1.15,1.28,
okon_1,C,2024-02-02 00:00:00,-17.52267,17.79067,west,short_plants,short_plants,Other broad-leaved woody plants,1.55,1.0,0.75,0.65,
okon_1,C,2024-02-02 00:00:00,-17.52267,17.79067,west,short_plants,short_plants,Other broad-leaved woody plants,2.4,1.69,1.6,1.15,
okon_1,C,2024-02-02 00:00:00,-17.52267,17.79067,west,tall_plants,large_area,Other broad-leaved woody plants,3.7,2.6,4.5,4.7,
okon_1,C,2024-02-02 00:00:00,-17.52267,17.79067,west,tall_plants,large_area,Other broad-leaved woody plants,4.1,2.3,2.2,1.9,
okon_1,C,2024-02-02 00:00:00,-17.52267,17.79067,west,tall_plants,large_area,Other broad-leaved woody plants,6.3,3.1,4.8,3.0,
okon_1,C,2024-02-02 00:00:00,-17.52267,17.79067,west,tall_plants,large_area,Other broad-leaved woody plants,2.6,1.45,1.6,1.3,
okon_1,C,2024-02-02 00:00:00,-17.52267,17.79067,west,tall_plants,large_area,Other broad-leaved woody plants,3.5,0.52,2.8,0.3,
okon_1,C,2024-02-02 00:00:00,-17.52267,17.79067,west,tall_plants,large_area,Other broad-leaved woody plants,2.7,2.25,3.75,3.5,
okon_1,C,2024-02-02 00:00:00,-17.52267,17.79067,west,tall_plants,large_area,Other broad-leaved woody plants,2.0,1.7,1.3,1.1,
okon_1,C,2024-02-02 00:00:00,-17.52267,17.79067,west,tall_plants,large_area,Other broad-leaved woody plants,3.5,3.2,3.0,2.1,
okon_1,C,2024-02-02 00:00:00,-17.52267,17.79067,west,tall_plants,large_area,Other broad-leaved woody plants,9.8,5.2,6.0,5.3,
okon_1,C,2024-02-02 00:00:00,-17.52267,17.79067,west,tall_plants,large_area,Other broad-leaved woody plants,6.2,3.5,2.75,3.6,
okon_1,C,2024-02-02 00:00:00,-17.52267,17.79067,west,tall_plants,large_area,Other microphyllous-leaved woody plants,3.5,3.2,3.0,2.2,
okon_1,C,2024-02-02 00:00:00,-17.52267,17.79067,east,short_plants,small_area,Other broad-leaved woody plants,1.5,1.2,2.3,0.65,
okon_1,C,2024-02-02 00:00:00,-17.52267,17.79067,east,short_plants,small_area,Other broad-leaved woody plants,1.45,0.85,1.3,0.99,
okon_1,C,2024-02-02 00:00:00,-17.52267,17.79067,east,short_plants,small_area,Other microphyllous-leaved woody plants,1.9,0.9,1.4,0.85,
okon_1,C,2024-02-02 00:00:00,-17.52267,17.79067,east,short_plants,small_area,Other broad-leaved woody plants,2.5,1.9,2.65,0.99,
okon_1,C,2024-02-02 00:00:00,-17.52267,17.79067,east,short_plants,small_area,Other broad-leaved woody plants,1.0,0.84,1.9,0.75,
okon_1,C,2024-02-02 00:00:00,-17.52267,17.79067,east,short_plants,small_area,Other broad-leaved woody plants,0.85,0.7,1.25,0.95,
okon_1,C,2024-02-02 00:00:00,-17.52267,17.79067,east,short_plants,small_area,Other broad-leaved woody plants,0.95,0.85,2.5,1.25,
okon_1,C,2024-02-02 00:00:00,-17.52267,17.79067,east,short_plants,small_area,Other broad-leaved woody plants,1.1,0.95,1.5,1.3,
okon_1,C,2024-02-02 00:00:00,-17.52267,17.79067,east,short_plants,small_area,Other broad-leaved woody plants,2.35,2.25,3.25,2.0,
okon_1,C,2024-02-02 00:00:00,-17.52267,17.79067,east,short_plants,small_area,Other broad-leaved woody plants,0.8,0.65,0.95,0.7,
okon_1,C,2024-02-02 00:00:00,-17.52267,17.79067,east,short_plants,small_area,Other broad-leaved woody plants,0.9,0.1,0.5,0.23,
okon_1,C,2024-02-02 00:00:00,-17.52267,17.79067,east,short_plants,small_area,Other broad-leaved woody plants,2.35,1.15,2.8,3.3,
okon_1,C,2024-02-02 00:00:00,-17.52267,17.79067,east,tall_plants,large_area,Other broad-leaved woody plants,5.4,2.5,2.9,2.8,
okon_1,C,2024-02-02 00:00:00,-17.52267,17.79067,east,tall_plants,large_area,Other broad-leaved woody plants,3.4,2.65,3.4,2.2,
okon_1,C,2024-02-02 00:00:00,-17.52267,17.79067,east,tall_plants,large_area,Other microphyllous-leaved woody plants,4.0,1.7,3.2,2.1,
okon_1,C,2024-02-02 00:00:00,-17.52267,17.79067,east,tall_plants,large_area,Other broad-leaved woody plants,3.7,3.0,3.4,2.9,
okon_1,C,2024-02-02 00:00:00,-17.52267,17.79067,east,tall_plants,large_area,Other broad-leaved woody plants,3.7,2.2,2.5,1.9,
okon_1,C,2024-02-02 00:00:00,-17.52267,17.79067,east,tall_plants,large_area,Other broad-leaved woody plants,5.7,3.45,3.2,2.7,
okon_1,C,2024-02-02 00:00:00,-17.52267,17.79067,north,short_plants,small_area,Other broad-leaved woody plants,2.0,1.7,2.3,2.0,
okon_1,C,2024-02-02 00:00:00,-17.52267,17.79067,north,short_plants,small_area,Other broad-leaved woody plants,2.5,1.5,2.7,2.35,
okon_1,C,2024-02-02 00:00:00,-17.52267,17.79067,north,short_plants,small_area,Other broad-leaved woody plants,2.4,1.43,1.99,1.9,
okon_1,C,2024-02-02 00:00:00,-17.52267,17.79067,north,short_plants,small_area,Other broad-leaved woody plants,2.1,1.6,0.4,0.3,
okon_1,C,2024-02-02 00:00:00,-17.52267,17.79067,north,short_plants,small_area,Other broad-leaved woody plants,1.75,1.2,1.25,1.1,
okon_1,C,2024-02-02 00:00:00,-17.52267,17.79067,north,short_plants,small_area,Other broad-leaved woody plants,1.95,1.8,2.5,2.3,
okon_1,C,2024-02-02 00:00:00,-17.52267,17.79067,north,short_plants,small_area,Other broad-leaved woody plants,2.95,1.95,2.6,2.3,
okon_1,C,2024-02-02 00:00:00,-17.52267,17.79067,north,short_plants,small_area,Other broad-leaved woody plants,1.25,0.8,0.6,0.2,
okon_1,C,2024-02-02 00:00:00,-17.52267,17.79067,north,short_plants,small_area,Other broad-leaved woody plants,1.85,0.8,0.65,0.4,
okon_1,C,2024-02-02 00:00:00,-17.52267,17.79067,north,short_plants,small_area,Other broad-leaved woody plants,2.0,1.3,0.8,0.7,
okon_1,C,2024-02-02 00:00:00,-17.52267,17.79067,north,short_plants,small_area,Other broad-leaved woody plants,1.1,0.85,1.37,1.2,
okon_1,C,2024-02-02 00:00:00,-17.52267,17.79067,north,short_plants,small_area,Other broad-leaved woody plants,2.3,1.35,1.0,0.95,
okon_1,C,2024-02-02 00:00:00,-17.52267,17.79067,north,tall_plants,large_area,Other broad-leaved woody plants,3.6,2.7,2.9,2.4,
okon_1,C,2024-02-02 00:00:00,-17.52267,17.79067,north,tall_plants,large_area,Other broad-leaved woody plants,2.9,1.8,2.0,1.4,
okon_1,C,2024-02-02 00:00:00,-17.52267,17.79067,north,tall_plants,large_area,Other broad-leaved woody plants,4.0,1.7,3.2,2.1,
okon_1,C,2024-02-02 00:00:00,-17.52267,17.79067,north,tall_plants,large_area,Other broad-leaved woody plants,5.15,4.6,3.0,2.7,
okon_1,C,2024-02-02 00:00:00,-17.52267,17.79067,north,tall_plants,large_area,Other broad-leaved woody plants,4.55,2.7,4.65,3.7,
okon_1,C,2024-02-02 00:00:00,-17.52267,17.79067,north,tall_plants,large_area,Other broad-leaved woody plants,3.6,2.6,6.7,2.8,
okon_1,C,2024-02-02 00:00:00,-17.52267,17.79067,south,short_plants,small_area,Other broad-leaved woody plants,1.3,1.2,0.55,0.3,
okon_1,C,2024-02-02 00:00:00,-17.52267,17.79067,south,short_plants,small_area,Other broad-leaved woody plants,2.1,2.0,1.9,1.1,
okon_1,C,2024-02-02 00:00:00,-17.52267,17.79067,south,short_plants,small_area,Other broad-leaved woody plants,1.9,0.9,0.7,0.55,
okon_1,C,2024-02-02 00:00:00,-17.52267,17.79067,south,short_plants,small_area,Other broad-leaved woody plants,1.7,1.6,1.7,1.44,
okon_1,C,2024-02-02 00:00:00,-17.52267,17.79067,south,short_plants,small_area,Other broad-leaved woody plants,1.78,1.5,2.6,1.65,
okon_1,C,2024-02-02 00:00:00,-17.52267,17.79067,south,short_plants,small_area,Other broad-leaved woody plants,1.76,1.4,2.2,1.4,
okon_1,C,2024-02-02 00:00:00,-17.52267,17.79067,south,short_plants,small_area,Other broad-leaved woody plants,1.8,0.85,0.65,0.4,
okon_1,C,2024-02-02 00:00:00,-17.52267,17.79067,south,short_plants,small_area,Other broad-leaved woody plants,2.4,1.5,1.4,1.3,
okon_1,C,2024-02-02 00:00:00,-17.52267,17.79067,south,tall_plants,large_area,Other broad-leaved woody plants,1.7,2.7,3.0,2.9,
okon_1,C,2024-02-02 00:00:00,-17.52267,17.79067,south,tall_plants,large_area,Other broad-leaved woody plants,4.25,2.9,2.85,2.6,
okon_1,C,2024-02-02 00:00:00,-17.52267,17.79067,south,tall_plants,large_area,Other broad-leaved woody plants,4.3,2.7,2.6,2.6,
okon_1,C,2024-02-02 00:00:00,-17.52267,17.79067,south,tall_plants,large_area,Other broad-leaved woody plants,4.1,2.1,2.5,2.0,
okon_1,C,2024-02-02 00:00:00,-17.52267,17.79067,south,tall_plants,large_area,Other broad-leaved woody plants,4.25,2.1,2.35,2.1,
okon_1,C,2024-02-02 00:00:00,-17.52267,17.79067,south,tall_plants,large_area,Other broad-leaved woody plants,3.8,1.1,2.5,1.5,
okon_1,C,2024-02-02 00:00:00,-17.52267,17.79067,south,tall_plants,large_area,Other microphyllous-leaved woody plants,3.5,1.9,2.7,2.35,
okon_1,C,2024-02-02 00:00:00,-17.52267,17.79067,EWSN,woody_seedlings,small_x4,Terminalia sericea,,,,,0.0
okon_1,C,2024-02-02 00:00:00,-17.52267,17.79067,EWSN,woody_seedlings,small_x4,Vachellia/Acacia reficiens,,,,,0.0
okon_1,C,2024-02-02 00:00:00,-17.52267,17.79067,EWSN,woody_seedlings,small_x4,Senegalia/Acacia mellifera,,,,,0.0
okon_1,C,2024-02-02 00:00:00,-17.52267,17.79067,EWSN,woody_seedlings,small_x4,Other microphyllous-leaved woody plants,,,,,7.0
okon_1,C,2024-02-02 00:00:00,-17.52267,17.79067,EWSN,woody_seedlings,small_x4,Other broad-leaved woody plants,,,,,92.0
okon_3,C,2024-05-02 00:00:00,-17.52224,17.75955,west,short_plants,small_area,Other broad-leaved woody plants,1.21,1.11,0.65,0.59,
okon_3,C,2024-05-02 00:00:00,-17.52224,17.75955,west,short_plants,small_area,Other broad-leaved woody plants,1.85,1.5,1.7,1.57,
okon_3,C,2024-05-02 00:00:00,-17.52224,17.75955,west,short_plants,small_area,Other broad-leaved woody plants,0.89,0.85,1.25,1.1,
okon_3,C,2024-05-02 00:00:00,-17.52224,17.75955,west,short_plants,small_area,Other broad-leaved woody plants,2.2,1.95,0.95,0.81,
okon_3,C,2024-05-02 00:00:00,-17.52224,17.75955,west,short_plants,small_area,Terminalia sericea,1.1,1.0,1.0,0.8,
okon_3,C,2024-05-02 00:00:00,-17.52224,17.75955,west,short_plants,small_area,Other broad-leaved woody plants,0.8,0.4,0.65,0.35,
okon_3,C,2024-05-02 00:00:00,-17.52224,17.75955,west,short_plants,small_area,Other broad-leaved woody plants,1.8,1.6,1.7,1.1,
okon_3,C,2024-05-02 00:00:00,-17.52224,17.75955,west,short_plants,small_area,Other broad-leaved woody plants,1.55,1.15,1.35,0.8,
okon_3,C,2024-05-02 00:00:00,-17.52224,17.75955,west,short_plants,small_area,Other broad-leaved woody plants,1.3,1.2,0.5,0.4,
okon_3,C,2024-05-02 00:00:00,-17.52224,17.75955,west,short_plants,small_area,Other broad-leaved woody plants,0.9,0.8,0.77,0.3,
okon_3,C,2024-05-02 00:00:00,-17.52224,17.75955,west,short_plants,small_area,Terminalia sericea,2.4,1.95,1.45,1.3,
okon_3,C,2024-05-02 00:00:00,-17.52224,17.75955,west,short_plants,small_area,Other broad-leaved woody plants,1.4,1.2,1.1,0.8,
okon_3,C,2024-05-02 00:00:00,-17.52224,17.75955,west,short_plants,small_area,Other broad-leaved woody plants,2.1,1.9,1.95,1.45,
okon_3,C,2024-05-02 00:00:00,-17.52224,17.75955,west,short_plants,small_area,Other broad-leaved woody plants,1.4,1.17,1.1,0.8,
okon_3,C,2024-05-02 00:00:00,-17.52224,17.75955,west,tall_plants,large_area,Other broad-leaved woody plants,2.8,2.25,3.2,2.2,
okon_3,C,2024-05-02 00:00:00,-17.52224,17.75955,west,tall_plants,large_area,Other broad-leaved woody plants,6.0,4.5,2.8,2.2,
okon_3,C,2024-05-02 00:00:00,-17.52224,17.75955,west,tall_plants,large_area,Other broad-leaved woody plants,3.5,3.0,1.2,1.0,
okon_3,C,2024-05-02 00:00:00,-17.52224,17.75955,west,tall_plants,large_area,Other broad-leaved woody plants,4.1,3.0,2.3,1.4,
okon_3,C,2024-05-02 00:00:00,-17.52224,17.75955,west,tall_plants,large_area,Terminalia sericea,2.7,2.39,2.4,2.0,
okon_3,C,2024-05-02 00:00:00,-17.52224,17.75955,west,tall_plants,large_area,Terminalia sericea,4.0,3.5,4.5,2.3,
okon_3,C,2024-05-02 00:00:00,-17.52224,17.75955,west,tall_plants,large_area,Other microphyllous-leaved woody plants,4.0,3.0,4.2,3.1,
okon_3,C,2024-05-02 00:00:00,-17.52224,17.75955,west,tall_plants,large_area,Terminalia sericea,2.8,2.2,3.0,2.0,
okon_3,C,2024-05-02 00:00:00,-17.52224,17.75955,west,tall_plants,large_area,Other broad-leaved woody plants,3.0,2.75,2.2,1.8,
okon_3,C,2024-05-02 00:00:00,-17.52224,17.75955,west,tall_plants,large_area,Other broad-leaved woody plants,4.0,3.2,3.6,3.2,
okon_3,C,2024-05-02 00:00:00,-17.52224,17.75955,west,tall_plants,large_area,Other broad-leaved woody plants,4.5,3.5,2.0,1.6,
okon_3,C,2024-05-02 00:00:00,-17.52224,17.75955,east,short_plants,small_area,Other broad-leaved woody plants,1.9,1.0,0.5,0.4,
okon_3,C,2024-05-02 00:00:00,-17.52224,17.75955,east,short_plants,small_area,Terminalia sericea,1.4,1.2,1.2,0.7,
okon_3,C,2024-05-02 00:00:00,-17.52224,17.75955,east,short_plants,small_area,Other broad-leaved woody plants,2.5,2.2,1.7,1.7,
okon_3,C,2024-05-02 00:00:00,-17.52224,17.75955,east,short_plants,small_area,Other broad-leaved woody plants,1.0,0.75,0.85,0.8,
okon_3,C,2024-05-02 00:00:00,-17.52224,17.75955,east,short_plants,small_area,Other broad-leaved woody plants,0.95,0.75,0.65,0.59,
okon_3,C,2024-05-02 00:00:00,-17.52224,17.75955,east,short_plants,small_area,Other broad-leaved woody plants,1.95,1.3,1.6,1.25,
okon_3,C,2024-05-02 00:00:00,-17.52224,17.75955,east,short_plants,small_area,Other broad-leaved woody plants,2.0,1.8,1.6,1.4,
okon_3,C,2024-05-02 00:00:00,-17.52224,17.75955,east,short_plants,small_area,Other broad-leaved woody plants,1.3,1.1,1.1,0.65,
okon_3,C,2024-05-02 00:00:00,-17.52224,17.75955,east,short_plants,small_area,Other broad-leaved woody plants,0.65,0.4,0.5,0.3,
okon_3,C,2024-05-02 00:00:00,-17.52224,17.75955,east,short_plants,small_area,Other broad-leaved woody plants,1.5,1.2,1.9,0.7,
okon_3,C,2024-05-02 00:00:00,-17.52224,17.75955,east,short_plants,small_area,Other microphyllous-leaved woody plants,2.0,1.8,1.9,1.7,
okon_3,C,2024-05-02 00:00:00,-17.52224,17.75955,east,short_plants,small_area,Other broad-leaved woody plants,1.75,1.5,1.7,1.0,
okon_3,C,2024-05-02 00:00:00,-17.52224,17.75955,east,short_plants,small_area,Other microphyllous-leaved woody plants,1.9,1.45,1.5,0.6,
okon_3,C,2024-05-02 00:00:00,-17.52224,17.75955,east,short_plants,small_area,Terminalia sericea,1.0,0.9,0.45,0.35,
okon_3,C,2024-05-02 00:00:00,-17.52224,17.75955,east,short_plants,small_area,Other microphyllous-leaved woody plants,1.0,0.82,0.9,0.8,
okon_3,C,2024-05-02 00:00:00,-17.52224,17.75955,east,tall_plants,small_area,Other broad-leaved woody plants,4.2,2.0,2.0,1.9,
okon_3,C,2024-05-02 00:00:00,-17.52224,17.75955,east,tall_plants,small_area,Other broad-leaved woody plants,3.7,3.0,1.9,1.2,
okon_3,C,2024-05-02 00:00:00,-17.52224,17.75955,east,tall_plants,small_area,Other broad-leaved woody plants,2.7,2.0,2.5,1.9,
okon_3,C,2024-05-02 00:00:00,-17.52224,17.75955,east,tall_plants,small_area,Terminalia sericea,2.8,2.5,1.9,1.3,
okon_3,C,2024-05-02 00:00:00,-17.52224,17.75955,east,tall_plants,small_area,Other broad-leaved woody plants,3.3,2.6,1.2,1.19,
okon_3,C,2024-05-02 00:00:00,-17.52224,17.75955,east,tall_plants,small_area,Other broad-leaved woody plants,6.0,2.6,3.5,3.1,
okon_3,C,2024-05-02 00:00:00,-17.52224,17.75955,east,short_plants,small_area,Other broad-leaved woody plants,2.0,1.0,1.9,1.35,
okon_3,C,2024-05-02 00:00:00,-17.52224,17.75955,east,short_plants,small_area,Other broad-leaved woody plants,1.8,1.49,1.3,1.15,
okon_3,C,2024-05-02 00:00:00,-17.52224,17.75955,east,short_plants,small_area,Other broad-leaved woody plants,0.9,0.5,0.3,0.2,
okon_3,C,2024-05-02 00:00:00,-17.52224,17.75955,north,short_plants,small_area,Other broad-leaved woody plants,2.4,1.6,2.4,2.35,
okon_3,C,2024-05-02 00:00:00,-17.52224,17.75955,north,short_plants,small_area,Other microphyllous-leaved woody plants,0.6,0.55,0.3,0.1,
okon_3,C,2024-05-02 00:00:00,-17.52224,17.75955,north,short_plants,small_area,Other broad-leaved woody plants,1.1,0.8,1.29,1.0,
okon_3,C,2024-05-02 00:00:00,-17.52224,17.75955,north,short_plants,small_area,Other broad-leaved woody plants,2.2,2.1,1.6,0.75,
okon_3,C,2024-05-02 00:00:00,-17.52224,17.75955,north,short_plants,small_area,Other broad-leaved woody plants,0.75,1.6,0.8,0.5,
okon_3,C,2024-05-02 00:00:00,-17.52224,17.75955,north,short_plants,small_area,Other broad-leaved woody plants,2.35,2.35,2.05,0.8,
okon_3,C,2024-05-02 00:00:00,-17.52224,17.75955,north,short_plants,small_area,Other broad-leaved woody plants,1.5,1.0,0.9,0.7,
okon_3,C,2024-05-02 00:00:00,-17.52224,17.75955,north,short_plants,small_area,Other broad-leaved woody plants,0.65,0.48,0.6,0.4,
okon_3,C,2024-05-02 00:00:00,-17.52224,17.75955,north,short_plants,small_area,Other broad-leaved woody plants,1.0,0.81,1.2,0.75,
okon_3,C,2024-05-02 00:00:00,-17.52224,17.75955,north,short_plants,small_area,Other broad-leaved woody plants,1.5,1.3,0.9,0.7,
okon_3,C,2024-05-02 00:00:00,-17.52224,17.75955,north,short_plants,small_area,Terminalia sericea,0.95,0.85,0.8,0.5,
okon_3,C,2024-05-02 00:00:00,-17.52224,17.75955,north,tall_plants,large_area,Other broad-leaved woody plants,5.0,4.0,2.8,1.6,
okon_3,C,2024-05-02 00:00:00,-17.52224,17.75955,north,tall_plants,large_area,Other broad-leaved woody plants,3.5,2.1,0.9,0.4,
okon_3,C,2024-05-02 00:00:00,-17.52224,17.75955,north,tall_plants,large_area,Other broad-leaved woody plants,2.8,1.85,1.7,1.4,
okon_3,C,2024-05-02 00:00:00,-17.52224,17.75955,north,tall_plants,large_area,Other broad-leaved woody plants,3.3,2.05,1.7,1.6,
okon_3,C,2024-05-02 00:00:00,-17.52224,17.75955,north,tall_plants,large_area,Other microphyllous-leaved woody plants,4.0,2.75,3.4,2.3,
okon_3,C,2024-05-02 00:00:00,-17.52224,17.75955,north,tall_plants,large_area,Other broad-leaved woody plants,2.8,1.75,1.6,1.5,
okon_3,C,2024-05-02 00:00:00,-17.52224,17.75955,north,tall_plants,large_area,Terminalia sericea,4.0,2.6,4.05,2.8,
okon_3,C,2024-05-02 00:00:00,-17.52224,17.75955,north,tall_plants,large_area,Terminalia sericea,2.9,2.35,3.9,3.15,
okon_3,C,2024-05-02 00:00:00,-17.52224,17.75955,south,short_plants,small_areea,Other broad-leaved woody plants,2.05,1.55,1.5,1.0,
okon_3,C,2024-05-02 00:00:00,-17.52224,17.75955,south,short_plants,small_areea,Other broad-leaved woody plants,1.4,1.15,1.15,0.8,
okon_3,C,2024-05-02 00:00:00,-17.52224,17.75955,south,short_plants,small_areea,Other broad-leaved woody plants,2.05,1.55,1.49,0.95,
okon_3,C,2024-05-02 00:00:00,-17.52224,17.75955,south,short_plants,small_areea,Other broad-leaved woody plants,1.0,0.9,0.8,0.8,
okon_3,C,2024-05-02 00:00:00,-17.52224,17.75955,south,short_plants,small_areea,Other broad-leaved woody plants,1.4,1.2,1.13,0.7,
okon_3,C,2024-05-02 00:00:00,-17.52224,17.75955,south,short_plants,small_areea,Other broad-leaved woody plants,2.5,2.0,1.9,1.3,
okon_3,C,2024-05-02 00:00:00,-17.52224,17.75955,south,short_plants,small_areea,Other broad-leaved woody plants,1.9,1.8,1.8,1.3,
okon_3,C,2024-05-02 00:00:00,-17.52224,17.75955,south,short_plants,small_areea,Other broad-leaved woody plants,1.2,1.1,1.33,1.1,
okon_3,C,2024-05-02 00:00:00,-17.52224,17.75955,south,short_plants,small_areea,Other broad-leaved woody plants,0.6,0.55,1.0,0.75,
okon_3,C,2024-05-02 00:00:00,-17.52224,17.75955,south,short_plants,small_areea,Other broad-leaved woody plants,0.65,0.25,0.35,0.3,
okon_3,C,2024-05-02 00:00:00,-17.52224,17.75955,south,short_plants,small_areea,Other broad-leaved woody plants,0.65,0.51,0.5,0.3,
okon_3,C,2024-05-02 00:00:00,-17.52224,17.75955,south,short_plants,small_areea,Other broad-leaved woody plants,1.1,1.05,1.0,0.6,
okon_3,C,2024-05-02 00:00:00,-17.52224,17.75955,south,short_plants,small_areea,Other broad-leaved woody plants,1.75,1.5,1.15,1.1,
okon_3,C,2024-05-02 00:00:00,-17.52224,17.75955,south,short_plants,small_areea,Other broad-leaved woody plants,1.2,1.19,1.0,0.8,
okon_3,C,2024-05-02 00:00:00,-17.52224,17.75955,south,short_plants,small_areea,Other broad-leaved woody plants,2.1,1.1,0.9,0.6,
okon_3,C,2024-05-02 00:00:00,-17.52224,17.75955,south,tall_plants,large_area,Other broad-leaved woody plants,3.3,2.7,2.25,1.8,
okon_3,C,2024-05-02 00:00:00,-17.52224,17.75955,south,tall_plants,large_area,Other broad-leaved woody plants,4.5,3.0,2.7,1.6,
okon_3,C,2024-05-02 00:00:00,-17.52224,17.75955,south,tall_plants,large_area,Other broad-leaved woody plants,2.8,1.75,1.65,1.5,
okon_3,C,2024-05-02 00:00:00,-17.52224,17.75955,south,tall_plants,large_area,Terminalia sericea,2.7,2.0,2.0,1.6,
okon_3,C,2024-05-02 00:00:00,-17.52224,17.75955,south,tall_plants,large_area,Other broad-leaved woody plants,5.0,3.5,2.0,1.8,
okon_3,C,2024-05-02 00:00:00,-17.52224,17.75955,south,tall_plants,large_area,Other broad-leaved woody plants,3.5,2.5,1.8,1.5,
okon_3,C,2024-05-02 00:00:00,-17.52224,17.75955,south,tall_plants,large_area,Terminalia sericea,3.5,3.2,3.3,2.5,
okon_3,C,2024-05-02 00:00:00,-17.52224,17.75955,south,tall_plants,large_area,Terminalia sericea,4.0,3.4,3.2,2.8,
okon_3,C,2024-05-02 00:00:00,-17.52224,17.75955,south,tall_plants,large_area,Other broad-leaved woody plants,3.5,2.8,1.7,1.2,
okon_3,C,2024-05-02 00:00:00,-17.52224,17.75955,south,tall_plants,large_area,Other microphyllous-leaved woody plants,4.6,3.5,3.5,2.8,
okon_3,C,2024-05-02 00:00:00,-17.52224,17.75955,south,tall_plants,large_area,Other broad-leaved woody plants,4.6,3.5,1.3,1.2,
okon_3,C,2024-05-02 00:00:00,-17.52224,17.75955,south,tall_plants,large_area,Other broad-leaved woody plants,3.5,3.0,2.0,1.65,
okon_3,C,2024-05-02 00:00:00,-17.52224,17.75955,EWSN,woody_seedlings,small_x4,Terminalia sericea,,,,,2.0
okon_3,C,2024-05-02 00:00:00,-17.52224,17.75955,EWSN,woody_seedlings,small_x4,Vachellia/Acacia reficiens,,,,,0.0
okon_3,C,2024-05-02 00:00:00,-17.52224,17.75955,EWSN,woody_seedlings,small_x4,Senegalia/Acacia mellifera,,,,,0.0
okon_3,C,2024-05-02 00:00:00,-17.52224,17.75955,EWSN,woody_seedlings,small_x4,Other microphyllous-leaved woody plants,,,,,5.0
okon_3,C,2024-05-03 00:00:00,-17.52224,17.75955,EWSN,woody_seedlings,small_x4,Other broad-leaved woody plants,,,,,334.0
okon_3,C,2024-05-02 00:00:00,-17.52224,17.75955,west,short_plants,small_area,Other broad-leaved woody plants,1.2,0.8,1.1,0.97,
okon_5,C,2024-03-02 00:00:00,-17.52146,17.77131,west,short_plants,small_area,Other broad-leaved woody plants,1.55,0.5,1.3,1.25,
okon_5,C,2024-03-02 00:00:00,-17.52146,17.77131,west,short_plants,small_area,Other broad-leaved woody plants,0.9,0.02,1.3,0.95,
okon_5,C,2024-03-02 00:00:00,-17.52146,17.77131,west,short_plants,small_area,Other broad-leaved woody plants,1.49,0.9,1.0,0.9,
okon_5,C,2024-03-02 00:00:00,-17.52146,17.77131,west,short_plants,small_area,Other broad-leaved woody plants,0.6,0.45,0.45,0.32,
okon_5,C,2024-03-02 00:00:00,-17.52146,17.77131,west,short_plants,small_area,Other broad-leaved woody plants,1.99,0.69,1.15,1.1,
okon_5,C,2024-03-02 00:00:00,-17.52146,17.77131,west,short_plants,small_area,Other broad-leaved woody plants,1.3,0.75,0.65,0.65,
okon_5,C,2024-03-02 00:00:00,-17.52146,17.77131,west,short_plants,small_area,Other broad-leaved woody plants,2.49,1.94,2.7,1.0,
okon_5,C,2024-03-02 00:00:00,-17.52146,17.77131,east,short_plants,small_area,Other broad-leaved woody plants,2.3,1.85,0.7,0.69,
okon_5,C,2024-03-02 00:00:00,-17.52146,17.77131,east,short_plants,small_area,Other broad-leaved woody plants,1.71,1.48,0.96,0.75,
okon_5,C,2024-03-02 00:00:00,-17.52146,17.77131,east,short_plants,small_area,Other broad-leaved woody plants,2.4,2.05,5.5,2.5,
okon_5,C,2024-03-02 00:00:00,-17.52146,17.77131,east,short_plants,small_area,Other broad-leaved woody plants,0.65,0.55,0.79,0.35,
okon_5,C,2024-03-02 00:00:00,-17.52146,17.77131,east,short_plants,small_area,Other broad-leaved woody plants,1.38,1.29,0.9,0.65,
okon_5,C,2024-03-02 00:00:00,-17.52146,17.77131,east,short_plants,small_area,Other broad-leaved woody plants,1.1,0.5,0.14,1.2,
okon_5,C,2024-03-02 00:00:00,-17.52146,17.77131,east,short_plants,small_area,Other broad-leaved woody plants,1.9,1.5,0.18,1.25,
okon_5,C,2024-03-02 00:00:00,-17.52146,17.77131,west,short_plants,small_area,Other broad-leaved woody plants,2.3,1.85,0.7,0.69,
okon_5,C,2024-03-02 00:00:00,-17.52146,17.77131,west,short_plants,small_area,Other broad-leaved woody plants,1.71,1.48,0.96,0.75,
okon_5,C,2024-03-02 00:00:00,-17.52146,17.77131,west,short_plants,small_area,Other broad-leaved woody plants,2.4,2.05,5.5,2.5,
okon_5,C,2024-03-02 00:00:00,-17.52146,17.77131,west,short_plants,small_area,Other broad-leaved woody plants,0.65,0.55,0.79,0.35,
okon_5,C,2024-03-02 00:00:00,-17.52146,17.77131,west,short_plants,small_area,Other broad-leaved woody plants,1.38,1.29,0.9,0.65,
okon_5,C,2024-03-02 00:00:00,-17.52146,17.77131,west,short_plants,small_area,Other broad-leaved woody plants,1.1,0.5,0.14,1.2,
okon_5,C,2024-03-02 00:00:00,-17.52146,17.77131,west,short_plants,small_area,Other broad-leaved woody plants,1.9,1.5,0.18,1.25,
okon_5,C,2024-03-02 00:00:00,-17.52146,17.77131,west,tall_plants,large_area,Other broad-leaved woody plants,3.8,1.2,4.4,4.95,
okon_5,C,2024-03-02 00:00:00,-17.52146,17.77131,west,tall_plants,large_area,Other broad-leaved woody plants,4.2,1.75,3.9,2.9,
okon_5,C,2024-03-02 00:00:00,-17.52146,17.77131,west,tall_plants,large_area,Other broad-leaved woody plants,2.7,1.9,0.8,0.7,
okon_5,C,2024-03-02 00:00:00,-17.52146,17.77131,west,tall_plants,large_area,Other broad-leaved woody plants,6.0,5.0,4.5,4.8,
okon_5,C,2024-03-02 00:00:00,-17.52146,17.77131,west,tall_plants,large_area,Other microphyllous-leaved woody plants,3.3,2.65,3.16,2.2,
okon_5,C,2024-03-02 00:00:00,-17.52146,17.77131,west,tall_plants,large_area,Other broad-leaved woody plants,3.8,1.35,4.35,4.29,
okon_5,C,2024-03-02 00:00:00,-17.52146,17.77131,east,tall_plants,large_area,Other broad-leaved woody plants,3.8,1.2,4.4,4.95,
okon_5,C,2024-03-02 00:00:00,-17.52146,17.77131,east,tall_plants,large_area,Other broad-leaved woody plants,5.0,3.5,1.5,1.5,
okon_5,C,2024-03-02 00:00:00,-17.52146,17.77131,east,tall_plants,large_area,Other broad-leaved woody plants,3.1,1.2,3.0,2.2,
okon_5,C,2024-03-02 00:00:00,-17.52146,17.77131,east,tall_plants,large_area,Other broad-leaved woody plants,6.5,2.0,6.0,5.2,
okon_5,C,2024-03-02 00:00:00,-17.52146,17.77131,east,tall_plants,large_area,Other broad-leaved woody plants,3.5,2.4,2.25,1.7,
okon_5,C,2024-03-02 00:00:00,-17.52146,17.77131,east,short_plants,small_area,Terminalia sericea,0.74,0.69,0.55,0.3,
okon_5,C,2024-03-02 00:00:00,-17.52146,17.77131,east,short_plants,small_area,Other broad-leaved woody plants,1.5,0.7,1.4,1.3,
okon_5,C,2024-03-02 00:00:00,-17.52146,17.77131,east,short_plants,small_area,Terminalia sericea,1.75,1.65,1.7,1.15,
okon_5,C,2024-03-02 00:00:00,-17.52146,17.77131,east,short_plants,small_area,Other microphyllous-leaved woody plants,0.65,0.6,0.7,0.5,
okon_5,C,2024-03-02 00:00:00,-17.52146,17.77131,east,short_plants,small_area,Other broad-leaved woody plants,1.35,1.1,1.2,0.8,
okon_5,C,2024-03-02 00:00:00,-17.52146,17.77131,east,short_plants,small_area,Other broad-leaved woody plants,1.9,1.3,2.5,1.5,
okon_5,C,2024-03-02 00:00:00,-17.52146,17.77131,east,tall_plants,large_area,Other broad-leaved woody plants,2.6,1.85,1.7,1.2,
okon_5,C,2024-03-02 00:00:00,-17.52146,17.77131,south,short_plants,small_area,Other broad-leaved woody plants,1.55,1.1,1.8,1.45,
okon_5,C,2024-03-02 00:00:00,-17.52146,17.77131,south,short_plants,small_area,Other microphyllous-leaved woody plants,2.35,1.55,1.3,1.0,
okon_5,C,2024-03-02 00:00:00,-17.52146,17.77131,south,short_plants,small_area,Other broad-leaved woody plants,1.0,0.85,0.65,0.5,
okon_5,C,2024-03-02 00:00:00,-17.52146,17.77131,south,short_plants,small_area,Other broad-leaved woody plants,2.0,0.6,0.6,0.6,
okon_5,C,2024-03-02 00:00:00,-17.52146,17.77131,south,short_plants,small_area,Other broad-leaved woody plants,0.6,0.5,0.3,0.25,
okon_5,C,2024-03-02 00:00:00,-17.52146,17.77131,south,short_plants,small_area,Other broad-leaved woody plants,1.65,0.95,1.1,0.6,
okon_5,C,2024-03-02 00:00:00,-17.52146,17.77131,south,short_plants,small_area,Other microphyllous-leaved woody plants,1.3,0.95,1.1,0.9,
okon_5,C,2024-03-02 00:00:00,-17.52146,17.77131,south,short_plants,small_area,Other broad-leaved woody plants,1.73,1.4,1.5,1.35,
okon_5,C,2024-03-02 00:00:00,-17.52146,17.77131,south,short_plants,small_area,Other broad-leaved woody plants,0.8,4.5,0.7,0.4,
okon_5,C,2024-03-02 00:00:00,-17.52146,17.77131,south,short_plants,small_area,Other broad-leaved woody plants,1.2,0.65,1.5,0.8,
okon_5,C,2024-03-02 00:00:00,-17.52146,17.77131,south,short_plants,small_area,Other broad-leaved woody plants,1.3,0.85,1.15,1.05,
okon_5,C,2024-03-02 00:00:00,-17.52146,17.77131,south,short_plants,small_area,Other broad-leaved woody plants,1.7,1.6,1.3,0.95,
okon_5,C,2024-03-02 00:00:00,-17.52146,17.77131,south,short_plants,small_area,Other broad-leaved woody plants,1.2,1.1,0.6,0.6,
okon_5,C,2024-03-02 00:00:00,-17.52146,17.77131,south,short_plants,small_area,Other broad-leaved woody plants,2.5,1.65,1.9,1.2,
okon_5,C,2024-03-02 00:00:00,-17.52146,17.77131,south,short_plants,small_area,Other broad-leaved woody plants,2.35,1.8,1.45,1.1,
okon_5,C,2024-03-02 00:00:00,-17.52146,17.77131,south,tall_plants,large_area,Other broad-leaved woody plants,2.7,2.5,1.65,2.0,
okon_5,C,2024-03-02 00:00:00,-17.52146,17.77131,south,tall_plants,large_area,Other broad-leaved woody plants,7.5,5.0,4.6,2.0,
okon_5,C,2024-03-02 00:00:00,-17.52146,17.77131,south,tall_plants,large_area,Other broad-leaved woody plants,4.2,2.9,2.3,1.9,
okon_5,C,2024-03-02 00:00:00,-17.52146,17.77131,south,tall_plants,large_area,Terminalia sericea,3.2,2.7,2.4,2.3,
okon_5,C,2024-03-02 00:00:00,-17.52146,17.77131,south,tall_plants,large_area,Other broad-leaved woody plants,2.8,7.6,2.3,2.2,
okon_5,C,2024-03-02 00:00:00,-17.52146,17.77131,south,tall_plants,large_area,Other broad-leaved woody plants,3.0,2.0,1.2,1.2,
okon_5,C,2024-03-02 00:00:00,-17.52146,17.77131,south,tall_plants,large_area,Other broad-leaved woody plants,3.0,2.4,1.8,1.2,
okon_5,C,2024-03-02 00:00:00,-17.52146,17.77131,north,short_plants,small_area,Other broad-leaved woody plants,0.8,0.4,0.35,0.3,
okon_5,C,2024-03-02 00:00:00,-17.52146,17.77131,north,short_plants,small_area,Other broad-leaved woody plants,1.5,1.0,1.3,1.1,
okon_5,C,2024-03-02 00:00:00,-17.52146,17.77131,north,short_plants,small_area,Other broad-leaved woody plants,1.0,0.7,0.8,0.4,
okon_5,C,2024-03-02 00:00:00,-17.52146,17.77131,north,short_plants,small_area,Other broad-leaved woody plants,2.3,1.65,2.6,1.9,
okon_5,C,2024-03-02 00:00:00,-17.52146,17.77131,north,short_plants,small_area,Other broad-leaved woody plants,0.5,0.4,0.45,0.4,
okon_5,C,2024-03-02 00:00:00,-17.52146,17.77131,north,short_plants,small_area,Other broad-leaved woody plants,1.45,0.85,1.05,0.65,
okon_5,C,2024-03-02 00:00:00,-17.52146,17.77131,north,short_plants,small_area,Other broad-leaved woody plants,0.7,0.5,1.0,0.5,
okon_5,C,2024-03-02 00:00:00,-17.52146,17.77131,north,short_plants,small_area,Other broad-leaved woody plants,2.2,1.2,2.1,1.65,
okon_5,C,2024-03-02 00:00:00,-17.52146,17.77131,north,short_plants,small_area,Other broad-leaved woody plants,1.5,0.9,1.2,0.9,
okon_5,C,2024-03-02 00:00:00,-17.52146,17.77131,north,short_plants,small_area,Other broad-leaved woody plants,0.9,0.7,0.5,0.3,
okon_5,C,2024-03-02 00:00:00,-17.52146,17.77131,north,short_plants,small_area,Other broad-leaved woody plants,1.3,0.4,0.85,0.7,
okon_5,C,2024-03-02 00:00:00,-17.52146,17.77131,north,short_plants,small_area,Terminalia sericea,1.19,1.0,0.8,0.2,
okon_5,C,2024-03-02 00:00:00,-17.52146,17.77131,north,short_plants,small_area,Other broad-leaved woody plants,1.9,1.8,1.1,1.6,
okon_5,C,2024-03-02 00:00:00,-17.52146,17.77131,north,tall_plants,large_area,Other broad-leaved woody plants,2.65,1.2,4.0,2.7,
okon_5,C,2024-03-02 00:00:00,-17.52146,17.77131,north,tall_plants,large_area,Other broad-leaved woody plants,2.6,1.6,1.6,1.0,
okon_5,C,2024-03-02 00:00:00,-17.52146,17.77131,north,tall_plants,large_area,Other broad-leaved woody plants,7.5,6.25,5.2,3.5,
okon_5,C,2024-03-02 00:00:00,-17.52146,17.77131,north,tall_plants,large_area,Other broad-leaved woody plants,10.0,8.5,7.0,5.0,
okon_5,C,2024-03-02 00:00:00,-17.52146,17.77131,north,tall_plants,large_area,Other broad-leaved woody plants,3.0,2.1,2.3,1.4,
okon_5,C,2024-03-02 00:00:00,-17.52146,17.77131,north,tall_plants,large_area,Other broad-leaved woody plants,4.0,2.4,4.5,3.7,
okon_5,C,2024-03-02 00:00:00,-17.52146,17.77131,north,tall_plants,large_area,Other broad-leaved woody plants,2.6,1.36,2.8,2.5,
okon_5,C,2024-03-02 00:00:00,-17.52146,17.77131,north,tall_plants,large_area,Other broad-leaved woody plants,3.0,1.7,1.6,1.5,
okon_5,C,2024-03-02 00:00:00,-17.52146,17.77131,north,tall_plants,large_area,Other microphyllous-leaved woody plants,2.7,1.7,1.6,1.5,
okon_5,C,2024-03-02 00:00:00,-17.52146,17.77131,north,tall_plants,large_area,Other broad-leaved woody plants,4.0,1.73,2.8,0.7,
okon_5,C,2024-03-02 00:00:00,-17.52146,17.77131,north,tall_plants,large_area,Other broad-leaved woody plants,2.6,2.0,1.8,1.7,
okon_5,C,2024-03-02 00:00:00,-17.52146,17.77131,EWSN,woody_seedlings,small_x4,Terminalia sericea,,,,,4.0
okon_5,C,2024-03-02 00:00:00,-17.52146,17.77131,EWSN,woody_seedlings,small_x4,Vachellia/Acacia reficiens,,,,,0.0
okon_5,C,2024-03-02 00:00:00,-17.52146,17.77131,EWSN,woody_seedlings,small_x4,Senegalia/Acacia mellifera,,,,,0.0
okon_5,C,2024-03-02 00:00:00,-17.52146,17.77131,EWSN,woody_seedlings,small_x4,Other microphyllous-leaved woody plants,,,,,8.0
okon_5,C,2024-03-02 00:00:00,-17.52146,17.77131,EWSN,woody_seedlings,small_x4,Other broad-leaved woody plants,,,,,80.0
ogon_4,C,2024-11-02 00:00:00,-17.6941,-15.2929,west,short_plants,small_area,Other broad-leaved woody plants,0.6,0.3,1.5,0.9,
ogon_4,C,2024-11-02 00:00:00,-17.6941,-15.2929,west,short_plants,small_area,Other broad-leaved woody plants,2.0,1.2,1.7,1.5,
ogon_4,C,2024-11-02 00:00:00,-17.6941,-15.2929,west,short_plants,small_area,Other broad-leaved woody plants,1.8,1.2,2.0,2.0,
ogon_4,C,2024-11-02 00:00:00,-17.6941,-15.2929,west,short_plants,small_area,Other broad-leaved woody plants,1.9,0.9,1.4,1.7,
ogon_4,C,2024-11-02 00:00:00,-17.6941,-15.2929,west,tall_plants,large_area,Other broad-leaved woody plants,3.4,1.4,2.8,1.9,
ogon_4,C,2024-11-02 00:00:00,-17.6941,-15.2929,west,tall_plants,large_area,Other broad-leaved woody plants,3.8,1.9,3.1,3.3,
ogon_4,C,2024-11-02 00:00:00,-17.6941,-15.2929,west,tall_plants,large_area,Other broad-leaved woody plants,2.6,1.3,2.2,2.0,
ogon_4,C,2024-11-02 00:00:00,-17.6941,-15.2929,south,short_plants,small_area,Other broad-leaved woody plants,0.9,0.8,1.1,0.9,
ogon_4,C,2024-11-02 00:00:00,-17.6941,-15.2929,south,short_plants,small_area,Other broad-leaved woody plants,1.1,0.7,1.5,1.9,
ogon_4,C,2024-11-02 00:00:00,-17.6941,-15.2929,north,tall_plants,large_area,Other microphyllous-leaved woody plants,4.2,1.8,2.1,2.1,
ogon_4,C,2024-11-02 00:00:00,-17.6941,-15.2929,west,tall_plants,large_area,Other microphyllous-leaved woody plants,3.2,1.0,2.0,1.8,
ogon_4,C,2024-11-02 00:00:00,-17.6941,-15.2929,north,short_plants,small_area,Other broad-leaved woody plants,2.4,1.2,2.6,2.4,
ogon_4,C,2024-11-02 00:00:00,-17.6941,-15.2929,south,short_plants,small_area,Other broad-leaved woody plants,1.7,1.1,1.3,1.6,
ogon_4,C,2024-11-02 00:00:00,-17.6941,-15.2929,south,short_plants,small_area,Other broad-leaved woody plants,1.1,0.4,1.1,0.7,
ogon_4,C,2024-11-02 00:00:00,-17.6941,-15.2929,south,short_plants,small_area,Other broad-leaved woody plants,0.8,0.4,0.7,0.7,
ogon_4,C,2024-11-02 00:00:00,-17.6941,-15.2929,south,short_plants,small_area,Other broad-leaved woody plants,2.4,1.8,1.6,1.5,
ogon_4,C,2024-11-02 00:00:00,-17.6941,-15.2929,south,tall_plants,large_area,Other broad-leaved woody plants,4.3,2.1,1.8,1.6,
ogon_4,C,2024-11-02 00:00:00,-17.6941,-15.2929,south,tall_plants,large_area,Other broad-leaved woody plants,4.0,2.1,2.2,1.5,
ogon_4,C,2024-11-02 00:00:00,-17.6941,-15.2929,south,tall_plants,large_area,Other broad-leaved woody plants,3.3,1.7,1.6,2.3,
ogon_4,C,2024-11-02 00:00:00,-17.6941,-15.2929,south,tall_plants,large_area,Other broad-leaved woody plants,3.1,1.4,3.2,2.5,
ogon_4,C,2024-11-02 00:00:00,-17.6941,-15.2929,north,tall_plants,large_area,Other microphyllous-leaved woody plants,2.8,1.9,3.0,32.0,
ogon_4,C,2024-11-02 00:00:00,-17.6941,-15.2929,north,tall_plants,large_area,Other broad-leaved woody plants,4.4,1.7,2.8,2.8,
ogon_4,C,2024-11-02 00:00:00,-17.6941,-15.2929,north,short_plants,small_area,Other broad-leaved woody plants,2.4,1.7,2.5,3.1,
ogon_4,C,2024-11-02 00:00:00,-17.6941,-15.2929,north,short_plants,small_area,Other broad-leaved woody plants,1.7,1.1,2.1,1.9,
ogon_4,C,2024-11-02 00:00:00,-17.6941,-15.2929,east,short_plants,small_area,Other broad-leaved woody plants,1.5,0.9,1.3,0.9,
ogon_4,C,2024-11-02 00:00:00,-17.6941,-15.2929,east,short_plants,small_area,Other broad-leaved woody plants,1.2,0.8,0.9,1.0,
ogon_4,C,2024-11-02 00:00:00,-17.6941,-15.2929,east,short_plants,small_area,Other broad-leaved woody plants,0.7,0.5,0.7,0.7,
ogon_4,C,2024-11-02 00:00:00,-17.6941,-15.2929,east,short_plants,small_area,Other broad-leaved woody plants,0.9,0.7,1.4,1.2,
ogon_4,C,2024-11-02 00:00:00,-17.6941,-15.2929,east,short_plants,small_area,Other broad-leaved woody plants,1.8,1.1,2.1,2.4,
ogon_4,C,2024-11-02 00:00:00,-17.6941,-15.2929,east,short_plants,small_area,Other broad-leaved woody plants,1.0,0.7,0.8,0.8,
ogon_4,C,2024-11-02 00:00:00,-17.6941,-15.2929,east,short_plants,small_area,Other broad-leaved woody plants,2.1,1.6,1.2,1.1,
ogon_4,C,2024-11-02 00:00:00,-17.6941,-15.2929,east,short_plants,small_area,Other broad-leaved woody plants,1.2,0.9,1.1,0.8,
ogon_4,C,2024-11-02 00:00:00,-17.6941,-15.2929,EWSN,woody_seedlings,small_x4,Terminalia sericea,,,,,0.0
ogon_4,C,2024-11-02 00:00:00,-17.6941,-15.2929,EWSN,woody_seedlings,small_x4,Vachellia/Acacia reficiens,,,,,0.0
ogon_4,C,2024-11-02 00:00:00,-17.6941,-15.2929,EWSN,woody_seedlings,small_x4,Senegalia/Acacia mellifera,,,,,0.0
ogon_4,C,2024-11-02 00:00:00,-17.6941,-15.2929,EWSN,woody_seedlings,small_x4,Other microphyllous-leaved woody plants,,,,,5.0
ogon_4,C,2024-11-02 00:00:00,-17.6941,-15.2929,EWSN,woody_seedlings,small_x4,Other broad-leaved woody plants,,,,,7.0
ogon_5,C,2024-12-02 00:00:00,-17.6636,15.3132,west,short_plants,small_area,Other broad-leaved woody plants,1.6,1.82,1.7,1.3,
ogon_5,C,2024-12-02 00:00:00,-17.6636,15.3132,west,short_plants,small_area,Other broad-leaved woody plants,1.5,0.8,1.3,1.4,
ogon_5,C,2024-12-02 00:00:00,-17.6636,15.3132,west,short_plants,small_area,Other broad-leaved woody plants,1.1,0.8,0.8,0.8,
ogon_5,C,2024-12-02 00:00:00,-17.6636,15.3132,west,short_plants,small_area,Other broad-leaved woody plants,1.2,0.8,1.0,0.8,
ogon_5,C,2024-12-02 00:00:00,-17.6636,15.3132,west,short_plants,small_area,Other broad-leaved woody plants,1.5,0.7,0.9,1.0,
ogon_5,C,2024-12-02 00:00:00,-17.6636,15.3132,west,short_plants,small_area,Other broad-leaved woody plants,1.9,1.0,2.0,1.6,
ogon_5,C,2024-12-02 00:00:00,-17.6636,15.3132,west,short_plants,small_area,Other broad-leaved woody plants,1.9,0.8,1.4,1.6,
ogon_5,C,2024-12-02 00:00:00,-17.6636,15.3132,west,short_plants,small_area,Other broad-leaved woody plants,1.6,0.8,0.8,1.0,
ogon_5,C,2024-12-02 00:00:00,-17.6636,15.3132,west,short_plants,small_area,Other broad-leaved woody plants,2.3,1.6,1.7,1.4,
ogon_5,C,2024-12-02 00:00:00,-17.6636,15.3132,west,short_plants,small_area,Other broad-leaved woody plants,1.0,0.8,0.9,0.5,
ogon_5,C,2024-12-02 00:00:00,-17.6636,15.3132,west,tall_plants,large_area,Other broad-leaved woody plants,2.8,1.6,2.0,1.7,
ogon_5,C,2024-12-02 00:00:00,-17.6636,15.3132,west,tall_plants,large_area,Other broad-leaved woody plants,2.7,0.8,1.7,1.5,
ogon_5,C,2024-12-02 00:00:00,-17.6636,15.3132,west,tall_plants,large_area,Other broad-leaved woody plants,3.0,1.7,1.5,1.6,
ogon_5,C,2024-12-02 00:00:00,-17.6636,15.3132,west,tall_plants,large_area,Other broad-leaved woody plants,3.9,1.8,4.9,3.8,
ogon_5,C,2024-12-02 00:00:00,-17.6636,15.3132,west,tall_plants,large_area,Other broad-leaved woody plants,2.8,1.4,1.9,1.7,
ogon_5,C,2024-12-02 00:00:00,-17.6636,15.3132,west,tall_plants,large_area,Other broad-leaved woody plants,2.8,0.9,1.4,1.3,
ogon_5,C,2024-12-02 00:00:00,-17.6636,15.3132,west,tall_plants,large_area,Other broad-leaved woody plants,2.6,1.3,1.8,2.4,
ogon_5,C,2024-12-02 00:00:00,-17.6636,15.3132,west,tall_plants,large_area,Other broad-leaved woody plants,4.5,1.7,6.2,6.2,
ogon_5,C,2024-12-02 00:00:00,-17.6636,15.3132,east,short_plants,small_area,Other broad-leaved woody plants,1.9,0.9,1.5,1.3,
ogon_5,C,2024-12-02 00:00:00,-17.6636,15.3132,east,tall_plants,large_area,Other broad-leaved woody plants,2.8,1.7,2.0,1.7,
ogon_5,C,2024-12-02 00:00:00,-17.6636,15.3132,north,short_plants,small_area,Other broad-leaved woody plants,1.8,1.3,1.3,1.1,
ogon_5,C,2024-12-02 00:00:00,-17.6636,15.3132,north,short_plants,small_area,Other broad-leaved woody plants,2.2,1.7,1.7,1.4,
ogon_5,C,2024-12-02 00:00:00,-17.6636,15.3132,north,tall_plants,large_area,Other broad-leaved woody plants,3.4,1.5,3.7,3.6,
ogon_5,C,2024-12-02 00:00:00,-17.6636,15.3132,north,tall_plants,large_area,Other broad-leaved woody plants,3.5,1.6,2.9,2.3,
ogon_5,C,2024-12-02 00:00:00,-17.6636,15.3132,north,tall_plants,large_area,Other broad-leaved woody plants,3.1,1.6,2.3,3.2,
ogon_5,C,2024-12-02 00:00:00,-17.6636,15.3132,north,tall_plants,large_area,Other broad-leaved woody plants,3.7,1.3,3.7,2.7,
ogon_5,C,2024-12-02 00:00:00,-17.6636,15.3132,north,tall_plants,large_area,Other broad-leaved woody plants,2.8,1.4,1.5,1.7,
ogon_5,C,2024-12-02 00:00:00,-17.6636,15.3132,north,tall_plants,large_area,Other microphyllous-leaved woody plants,3.3,1.5,2.3,3.2,
ogon_5,C,2024-12-02 00:00:00,-17.6636,15.3132,north,tall_plants,large_area,Other broad-leaved woody plants,3.4,1.6,2.0,2.9,
ogon_5,C,2024-12-02 00:00:00,-17.6636,15.3132,north,tall_plants,large_area,Other broad-leaved woody plants,3.9,1.6,3.9,2.8,
ogon_5,C,2024-12-02 00:00:00,-17.6636,15.3132,north,tall_plants,large_area,Other broad-leaved woody plants,3.8,1.5,3.1,3.7,
ogon_5,C,2024-12-02 00:00:00,-17.6636,15.3132,north,tall_plants,large_area,Other microphyllous-leaved woody plants,3.3,1.9,3.5,1.4,
ogon_5,C,2024-12-02 00:00:00,-17.6636,15.3132,south,tall_plants,large_area,Other broad-leaved woody plants,6.0,1.7,6.3,8.9,
ogon_5,C,2024-12-02 00:00:00,-17.6636,15.3132,south,tall_plants,large_area,Other broad-leaved woody plants,6.0,2.0,5.8,6.7,
ogon_5,C,2024-12-02 00:00:00,-17.6636,15.3132,EWSN,woody_seedlings,small_x4,Terminalia sericea,,,,,0.0
ogon_5,C,2024-12-02 00:00:00,-17.6636,15.3132,EWSN,woody_seedlings,small_x4,Vachellia/Acacia reficiens,,,,,0.0
ogon_5,C,2024-12-02 00:00:00,-17.6636,15.3132,EWSN,woody_seedlings,small_x4,Senegalia/Acacia mellifera,,,,,0.0
ogon_5,C,2024-12-02 00:00:00,-17.6636,15.3132,EWSN,woody_seedlings,small_x4,Other microphyllous-leaved woody plants,,,,,0.0
ogon_5,C,2024-12-02 00:00:00,-17.6636,15.3132,EWSN,woody_seedlings,small_x4,Other broad-leaved woody plants,,,,,4.0
ogon_6,C,2024-02-10 00:00:00,-17.6823,15.313,south,short_plants,small_area,Other broad-leaved woody plants,1.0,0.3,1.2,0.9,
ogon_6,C,2024-02-10 00:00:00,-17.6823,15.313,south,short_plants,small_area,Other broad-leaved woody plants,1.8,1.2,1.9,1.1,
ogon_6,C,2024-02-10 00:00:00,-17.6823,15.313,south,short_plants,small_area,Other broad-leaved woody plants,1.4,1.1,1.2,1.6,
ogon_6,C,2024-02-10 00:00:00,-17.6823,15.313,south,short_plants,small_area,Other broad-leaved woody plants,1.3,0.8,0.5,1.1,
ogon_6,C,2024-02-10 00:00:00,-17.6823,15.313,south,short_plants,small_area,Other broad-leaved woody plants,1.8,1.5,1.2,1.5,
ogon_6,C,2024-02-10 00:00:00,-17.6823,15.313,south,short_plants,small_area,Other broad-leaved woody plants,0.6,0.4,0.9,0.8,
ogon_6,C,2024-02-10 00:00:00,-17.6823,15.313,south,short_plants,small_area,Other broad-leaved woody plants,0.7,0.6,1.1,0.6,
ogon_6,C,2024-02-10 00:00:00,-17.6823,15.313,south,short_plants,small_area,Other broad-leaved woody plants,1.3,0.6,1.2,1.4,
ogon_6,C,2024-02-10 00:00:00,-17.6823,15.313,south,short_plants,small_area,Other broad-leaved woody plants,2.1,1.0,1.5,1.7,
ogon_6,C,2024-02-10 00:00:00,-17.6823,15.313,south,short_plants,small_area,Other broad-leaved woody plants,1.9,0.8,2.0,1.4,
ogon_6,C,2024-02-10 00:00:00,-17.6823,15.313,south,short_plants,small_area,Other broad-leaved woody plants,0.6,0.6,0.9,0.7,
ogon_6,C,2024-02-10 00:00:00,-17.6823,15.313,south,tall_plants,large_area,Other broad-leaved woody plants,3.6,19.0,1.9,2.0,
ogon_6,C,2024-02-10 00:00:00,-17.6823,15.313,south,tall_plants,large_area,Other broad-leaved woody plants,2.5,1.9,1.3,1.5,
ogon_6,C,2024-02-10 00:00:00,-17.6823,15.313,south,tall_plants,large_area,Other broad-leaved woody plants,2.5,1.2,2.1,1.8,
ogon_6,C,2024-02-10 00:00:00,-17.6823,15.313,south,tall_plants,large_area,Other broad-leaved woody plants,3.8,1.9,2.0,2.2,
ogon_6,C,2024-02-10 00:00:00,-17.6823,15.313,south,tall_plants,large_area,Other broad-leaved woody plants,3.8,1.8,1.5,1.5,
ogon_6,C,2024-02-10 00:00:00,-17.6823,15.313,south,tall_plants,large_area,Other broad-leaved woody plants,3.1,2.4,2.5,2.7,
ogon_6,C,2024-02-10 00:00:00,-17.6823,15.313,south,tall_plants,large_area,Other broad-leaved woody plants,5.5,1.7,2.5,2.5,
ogon_6,C,2024-02-10 00:00:00,-17.6823,15.313,south,tall_plants,large_area,Other broad-leaved woody plants,4.0,1.9,2.4,3.0,
ogon_6,C,2024-02-10 00:00:00,-17.6823,15.313,south,tall_plants,large_area,Other broad-leaved woody plants,3.7,1.9,2.0,1.9,
ogon_6,C,2024-02-10 00:00:00,-17.6823,15.313,south,tall_plants,large_area,Other broad-leaved woody plants,3.5,2.0,1.4,1.0,
ogon_6,C,2024-02-10 00:00:00,-17.6823,15.313,south,tall_plants,large_area,Other broad-leaved woody plants,4.2,1.9,3.0,2.4,
ogon_6,C,2024-02-10 00:00:00,-17.6823,15.313,EWSN,woody_seedlings,small_x4,Terminalia sericea,,,,,0.0
ogon_6,C,2024-02-10 00:00:00,-17.6823,15.313,EWSN,woody_seedlings,small_x4,Vachellia/Acacia reficiens,,,,,0.0
ogon_6,C,2024-02-10 00:00:00,-17.6823,15.313,EWSN,woody_seedlings,small_x4,Senegalia/Acacia mellifera,,,,,0.0
ogon_6,C,2024-02-10 00:00:00,-17.6823,15.313,EWSN,woody_seedlings,small_x4,Other microphyllous-leaved woody plants,,,,,0.0
ogon_6,C,2024-02-10 00:00:00,-17.6823,15.313,EWSN,woody_seedlings,small_x4,Other broad-leaved woody plants,,,,,0.0
